Name & Authors,Year,"Crypto, cryptanalysis, or out of scope? (1 through 3)",Summary of the contribituon,Application engagement (1 throgh 4),Application engagement subtheme,Motivating Application (Typology)
Manuel Barbosa et al.: Bare PAKE: Universally Composable Key Exchange from Just Passwords. (2024),2024,,,,,
Longcheng Li et al.: How (not) to Build Quantum PKE in Minicrypt. (2024),2024,,,,,
Luowen Qian: Unconditionally Secure Quantum Commitments with Preprocessing. (2024),2024,,,,,
Maciej Obremski et al.: Improved Reductions from Noisy to Bounded and Probing Leakages via Hockey-Stick Divergences. (2024),2024,,,,,
Kohei Nakagawa and Hiroshi Onuki: QFESTA: Efficient Algorithms and Parameters for FESTA Using Quaternion Algebras. (2024),2024,,,,,
Maria Corte-Real Santos et al.: On Cycles of Pairing-Friendly Abelian Varieties. (2024),2024,,,,,
Marian Dietz and Stefano Tessaro: Fully Malicious Authenticated PIR. (2024),2024,,,,,
"Marina Checri et al.: On the Practical CPA<sup>D</sup> Security of ""exact"" and Threshold FHE Schemes and Libraries. (2024)",2024,,,,,
Marius A. Aardal et al.: Aggregating Falcon Signatures with LaBRADOR. (2024),2024,,,,,
Markku-Juhani O. Saarinen: Accelerating SLH-DSA by Two Orders of Magnitude with a Single Hash Unit. (2024),2024,,,,,
Marshall Ball et al.: Towards Permissionless Consensus in the Standard Model via Fine-Grained Complexity. (2024),2024,,,,,
Masayuki Abe et al.: CDS Composition of Multi-round Protocols. (2024),2024,,,,,
Mathias Hall-Andersen et al.: FRIDA: Data Availability Sampling from FRI. (2024),2024,,,,,
Matilda Backendal et al.: A Formal Treatment of End-to-End Encrypted Cloud Storage. (2024),2024,,,,,
Michele Ciampi et al.: Universal Composable Transaction Serialization with Order Fairness. (2024),2024,1,A comprehensive modeling of order fairness capitalizing on the universal composition (UC) setting,3,a,"1-BLK,6-BLK,CUR"
Michele Orrù et al.: Oblivious Issuance of Proofs. (2024),2024,1,"a provably secure construction of oblivious proofs, focusing on discrete-logarithm representation
equipped with AND-composition",2,a,CRY
Mihir Bellare and Viet Tung Hoang: Succinctly-Committing Authenticated Encryption. (2024),2024,,,,,
Mingqi Lu and Junzhao Yang: Memory-Sample Lower Bounds for LWE. (2024),2024,,,,,
Jack Doerner et al.: Sometimes You Can't Distribute Random-Oracle-Based Proofs. (2024),2024,1,"We investigate the conditions under which straight-line extractable NIZKs in the random oracle model (i.e. without a CRS) permit multiparty realizations that are black-box in the same random oracle. We show that even in the semi-honest setting, any MPC protocol to compute such a NIZK cannot make black-box use of the random oracle or a hash function instantiating it if security against all-but-one corruptions is desired, unless the number of queries made by the verifier to the oracle grows linearly with the number of parties",1,a,CRY
Gildas Avoine et al.: Time-Memory Trade-Offs Sound the Death Knell for GPRS and GSM. (2024),2024,,,,,
Giulio Malavolta and Michael Walter: Robust Quantum Public-Key Encryption with Applications to Quantum Key Distribution. (2024),2024,,,,,
Giuseppe Ateniese et al.: Advancing Scalability in Decentralized Storage: A Novel Approach to Proof-of-Replication via Polynomial Evaluation. (2024),2024,,,,,
Giuseppe Persiano et al.: Public-Key Anamorphism in (CCA-Secure) Public-Key Encryption and Beyond. (2024),2024,,,,,
Gregor Leander et al.: HAWKEYE - Recovering Symmetric Cryptography From Hardware Circuits. (2024),2024,,,,,
Hadas Zeilberger et al.: BaseFold: Efficient Field-Agnostic Polynomial Commitment Schemes from Foldable Codes. (2024),2024,,,,,
Hai H. Nguyen: Towards Breaking the Half-Barrier of Local Leakage-Resilient Shamir's Secret Sharing. (2024),2024,,,,,
Helger Lipmaa: Polymath: Groth16 Is Not the Limit. (2024),2024,,,,,
Henry Bambury et al.: Polytopes in the Fiat-Shamir with Aborts Paradigm. (2024),2024,,,,,
Henry Corrigan-Gibbs and David J. Wu: The One-Wayness of Jacobi Signatures. (2024),2024,,,,,
"Hoeteck Wee: Circuit ABE with sfpoly( depth,λ )-Sized Ciphertexts and Keys from Lattices. (2024)",2024,1,We present new lattice-based attribute-based encryption (ABE) and laconic function evaluation (LFE) schemes for circuits with sublinear ciphertext overhead.,1,"a,b",CRY
"Hosein Hadipour et al.: Revisiting Differential-Linear Attacks via a Boomerang Perspective with Application to AES, Ascon, CLEFIA, SKINNY, PRESENT, KNOT, TWINE, WARP, LBlock, Simeck, and SERPENT. (2024)",2024,,,,,
Intak Hwang et al.: Concretely Efficient Lattice-Based Polynomial Commitment from Standard Assumptions. (2024),2024,,,,,
Minki Hhan et al.: Quantum Complexity for Discrete Logarithms and Related Problems. (2024),2024,,,,,
James Bartusek and Justin Raizes: Secret Sharing with Certified Deletion. (2024),2024,1,We initiate the systematic study of secret sharing with certified deletion in order to achieve security even against an adversary that eventually collects an authorized set of shares.,1,"a,b",CRY
Jan Buzek and Stefano Tessaro: Collision Resistance from Multi-collision Resistance for All Constant Parameters. (2024),2024,,,,,
Janik Huth and Antoine Joux: MPC in the Head Using the Subfield Bilinear Collision Problem. (2024),2024,1,we introduce the subfield bilinear collision problem and use it to construct an identification protocol and a signature scheme.,1,"a,b",CRY
Jelle Don et al.: On the (In)Security of the BUFF Transform. (2024),2024,,,,,
Jiaxin Guan and Hart Montgomery: On Sequential Functions and Fine-Grained Cryptography. (2024),2024,,,,,
Jonathan Katz and Michael Rosenberg: LATKE: A Framework for Constructing Identity-Binding PAKEs. (2024),2024,,,,,
"Jonathan Katz: Round-Optimal, Fully Secure Distributed Key Generation. (2024)",2024,,,,,
José Bacelar Almeida et al.: Formally Verifying Kyber - Episode V: Machine-Checked IND-CCA Security and Correctness of ML-KEM in EasyCrypt. (2024),2024,2,"We present a formally verified proof of the correctness and IND-CCA security of ML-KEM, the Kyber-based Key Encapsulation Mechanism (KEM) undergoing standardization by NIST.",2,a,"NIST,PQC"
Joseph Carolan and Alexander Poremba: Quantum One-Wayness of the Single-Round Sponge with Invertible Permutations. (2024),2024,,,,,
Joseph Jaeger and Deep Inder Mohan: Generic and Algebraic Computation Models: When AGM Proofs Transfer to the GGM. (2024),2024,1,"""Our main contribution is a new interpretation under which the lifting result provably holds. The interpretation is both natural (e.g., matches the informal language used when discussing the AGM) and useful (many uses of the AGM are captured by it). It affirms the underlying ideas of FKL while complementing the interpretations of KZZ by helping refine our understanding of when the claim holds.""",1,b,CRY
Julia Kastner et al.: Pairing-Free Blind Signatures from Standard Assumptions in the ROM. (2024),2024,,,,,
Julien Béguinot et al.: Formal Security Proofs via Doeblin Coefficients: - Optimal Side-Channel Factorization from Noisy Leakage to Random Probing. (2024),2024,,,,,
Kai-Min Chung et al.: On Central Primitives for Quantum Cryptography with Classical Communication. (2024),2024,,,,,
Vipul Goyal et al.: Towards Achieving Asynchronous MPC with Linear Communication and Optimal Resilience. (2024),2024,,,,,
Sri Aravinda Krishnan Thyagarajan et al.: Game-Theoretically Fair Distributed Sampling. (2024),2024,,,,,
Surya Mathialagan et al.: Adaptively Sound Zero-Knowledge SNARKs for UP. (2024),2024,,,,,
Susumu Kiyoshima: Resettable Statistical Zero-Knowledge for $\ensuremath {\textsf{NP}}$. (2024),2024,,,,,
Thomas Decru: Radical $\root N \of {\mathrm {\acute{e}lu}}$ Isogeny Formulae. (2024),2024,,,,,
Thomas Espitau et al.: Flood and Submerse: Distributed Key Generation and Robust Threshold Signature from Lattices. (2024),2024,1,"""We propose a new framework based on random submersions—that is projection over a random subspace blinded by a small Gaussian noise—for constructing verifiable short secret sharing and showcase it to construct efficient threshold lattice-based signatures in the hash-and-sign paradigm, when based on noise flooding.""",1,b,CRY
Thomas Espitau et al.: Two-Round Threshold Signature from Algebraic One-More Learning with Errors. (2024),2024,,,,,
Tim Beyne and Yu Long Chen: Information-Theoretic Security with Asymmetries. (2024),2024,,,,,
Ting Peng et al.: New Approaches for Estimating the Bias of Differential-Linear Distinguishers. (2024),2024,1,"A formula, establishing a link between the bias of a differential-linear distinguisher and the probabilities of a series of truncated differentials.",1,a,CRY
Tomoyuki Morimae and Takashi Yamakawa: Quantum Advantage from One-Way Functions. (2024),2024,,,,,
Tomoyuki Morimae et al.: Unconditionally Secure Commitments with Quantum Auxiliary Inputs. (2024),2024,1,"We revisit the notion of quantum auxiliary-input commitments introduced by Chailloux, Kerenidis, and Rosgen (Comput. Complex. 2016)...We introduce a new model which we call the common reference quantum state (CRQS) model where both the committer and receiver take the same quantum state that is randomly sampled by an efficient setup algorithm.",2,b,"CUR, PQC,
"
Valerie Gilchrist et al.: Solving the Tensor Isomorphism Problem for Special Orbits with Low Rank Points: Cryptanalysis and Repair of an Asiacrypt 2023 Commitment Scheme. (2024),2024,1,analysis of tensor isomorphism problem with special orbits showing that a 2023 commitment scheme is broken; new construction of secure commitment scheme ,2,"a,c","NIST,PQC"
"Valerio Cini et al.: Polynomial Commitments from Lattices: Post-quantum Security, Fast Verification and Transparent Setup. (2024)",2024,,,,,
Vincenzo Botta et al.: Black-Box (and Fast) Non-malleable Zero Knowledge. (2024),2024,,,,,
Sourav Das and Ling Ren: Adaptively Secure BLS Threshold Signatures from DDH and co-CDH. (2024),2024,,,,,
"Wei-Kai Lin et al.: Doubly Efficient Cryptography: Commitments, Arguments and RAM MPC. (2024)",2024,,,,,
Wilson D. Nguyen et al.: Mangrove: A Scalable Framework for Folding-Based SNARKs. (2024),2024,,,,,
Xavier Bonnetain et al.: Improving Generic Attacks Using Exceptional Functions. (2024),2024,,,,,
Xiaoyang Dong et al.: Generic MitM Attack Frameworks on Sponge Constructions. (2024),2024,2,This paper proposes general meet-in-the-middle (MitM) attack frameworks for preimage and collision attacks on hash functions based on (generalized) sponge construction.,1,"a,b",CRY
Xiaoyu Ji et al.: Linear-Communication Asynchronous Complete Secret Sharing with Optimal Resilience. (2024),2024,,,,,
Xinyu Zhang et al.: Loquat: A SNARK-Friendly Post-quantum Signature Based on the Legendre PRF with Applications in Ring and Aggregate Signatures. (2024),2024,,,,,
Yevgeniy Dodis et al.: Compact Key Storage - A Modern Approach to Key Backup and Delegation. (2024),2024,,,,,
Youngjin Bae et al.: Plaintext-Ciphertext Matrix Multiplication and FHE Bootstrapping: Fast and Fused. (2024),2024,1,"""We give algorithms to convert from usual shared-secret RLWE ciphertexts to multi-secret ciphertexts and back. Further, we show that this format is compatible with homomorphic addition, plaintext-ciphertext multiplication, and key-switching. This in turn allows us to accelerate the slots-to-coeffs and coeffs-to-slots steps of CKKS bootstrapping when several ciphertexts are bootstrapped at once. Combining batch-bootstrapping with efficient PCMM results in MaMBo(Matrix Multiplication Bootstrapping), a bootstrapping algorithm that can perform a PC-MM for a limited overhead.""",2,b,CRY
Yuval Ishai et al.: PIR with Client-Side Preprocessing: Information-Theoretic Constructions and Lower Bounds. (2024),2024,,,,,
Yuyu Wang et al.: Fine-Grained Non-interactive Key-Exchange Without Idealized Assumptions. (2024),2024,1,we study multi-party non-interactive key exchange (NIKE) in the fine-grained setting.,1,"a,b",CRY
Zhongfeng Niu et al.: Speeding Up Preimage and Key-Recovery Attacks with Highly Biased Differential-Linear Approximations. (2024),2024,,,,,
Zhongyi Zhang et al.: Probabilistic Linearization: Internal Differential Collisions in up to 6 Rounds of SHA-3. (2024),2024,,,,,
Zoë Ruha Bell et al.: Certifying Private Probabilistic Mechanisms. (2024),2024,,,,,
Quang Dao et al.: Non-interactive Zero-Knowledge from LPN and MQ. (2024),2024,,,,,
Miranda Christ and Sam Gunn: Pseudorandom Error-Correcting Codes. (2024),2024,,,,,
Navid Alamati et al.: Improved Alternating-Moduli PRFs and Post-quantum Signatures. (2024),2024,1,We revisit the alternating moduli paradigm for constructing symmetric key primitives with a focus on constructing highly efficient protocols to evaluate them using secure multi-party computation (MPC).,1,"a,b",CRY
Ngoc Khanh Nguyen and Gregor Seiler: Greyhound: Fast Polynomial Commitments from Lattices. (2024),2024,,,,,
Nina Bindel et al.: Quantum Lattice Enumeration in Limited Depth. (2024),2024,,,,,
"Nir Bitansky and Nathan Geier: Amplification of Non-interactive Zero Knowledge, Revisited. (2024)",2024,,,,,
Nir Bitansky and Sapir Freizeit: Robust Additive Randomized Encodings from IO and Pseudo-Non-linear Codes. (2024),2024,1,"We construct RARE in the plain model from indistinguishability obfuscation, which is necessary, and a new primitive that we call pseudo-non-linear codes.",1,"a,b",CRY
Nir Bitansky et al.: Reusable Online-Efficient Commitments. (2024),2024,,,,,
Noga Amit and Guy N. Rothblum: Constant-Round Arguments for Batch-Verification and Bounded-Space Computations from One-Way Functions. (2024),2024,,,,,
Noga Ron-Zewi and Mor Weiss: Zero-Knowledge IOPs Approaching Witness Length. (2024),2024,1,we construct the first ZK-IOPs approaching the witness length for a natural NP problem.,1,"a,b",CRY
Nuttapong Attrapadung and Junichi Tomida: A Modular Approach to Registered ABE for Unbounded Predicates. (2024),2024,1,we propose a modular framework for constructing Reg-ABE schemes for a broader class of predicates.,1,"a,b",CRY
Phillip Gajland et al.: Ring Signatures for Deniable AKEM: Gandalf's Fellowship. (2024),2024,,,,,
Prabhanjan Ananth and Amit Behera: A Modular Approach to Unclonable Cryptography. (2024),2024,,,,,
Quang Dao and Aayush Jain: Lossy Cryptography from Code-Based Assumptions. (2024),2024,,,,,
Aayush Jain et al.: A Systematic Study of Sparse LWE. (2024),2024,1,"""In this work, we introduce the sparse LWE assumption, an assumption that draws inspiration from both Learning with Errors (Regev JACM 10) and Sparse Learning Parity with Noise (Alekhnovich FOCS 02). Exactly like LWE, this assumption posits indistinguishability of (A, sA + e mod p) from (A, u) for a random u where the secret s, and the error vector e is generated exactly as in LWE. However, the coefficient matrix A in sparse LPN is chosen randomly from Zn×m  p so that each column has Hamming weight exactly k for some small k. We study the problem in the regime where k is a constant or polylogarithmic.""",1,"a,b",CRY
Rachit Garg et al.: Reducing the CRS Size in Registered ABE Systems. (2024),2024,,,,,
Rafaël del Pino et al.: Raccoon: A Masking-Friendly Signature Proven in the Probing Model. (2024),2024,1,"""This paper presents Raccoon, a lattice-based signature scheme submitted to the NIST
2022 call for additional post-quantum signatures. Raccoon has the specicity of always being
masked.""",4,b,"NIST,PQC"
Ran Cohen et al.: Secure Multiparty Computation with Identifiable Abort via Vindicating Release. (2024),2024,,,,,
Ritam Bhaumik et al.: The Committing Security of MACs with Applications to Generic Composition. (2024),2024,,,,,
Rutchathon Chairattana-Apirom et al.: Pairing-Free Blind Signatures from CDH Assumptions. (2024),2024,,,,,
Sanjam Garg et al.: How to Prove Statements Obliviously? (2024),2024,1,This work presents a new technique called—FRI on hidden values—for efficiently proving such statements.,1,a,CRY
Sanjam Garg et al.: Scalable Multiparty Computation from Non-linear Secret Sharing. (2024),2024,1,"We present the first unconditionallysecure MPC protocols for arithmetic circuits over large fields with total computation O(|C| log |F |), where |C| and |F | denote the circuit and field size, respectively.",2,"a,b","ML,DAD"
Sanjam Garg et al.: Threshold Encryption with Silent Setup. (2024),2024,,,,,
Seyoon Ragavan and Vinod Vaikuntanathan: Space-Efficient and Noise-Robust Quantum Factoring. (2024),2024,1,"""We provide two improvements to Regev’s quantum factoring algorithm (Journal of the ACM 2025), addressing its space efficiency and its noise-tolerance.""",1,"a,b",CRY
Shuichi Katsumata et al.: Adaptively Secure 5 Round Threshold Signatures from MLWE/MSIS and DL with Rewinding. (2024),2024,1,"""In this work, we focus on thresholdizing existing signature schemes based on the Fiat-Shamir paradigm [FS87], e.g., ECDSA, Schnorr [Sch91], Dilithium [DKL`18], Raccoon [dPEK`23], a wide class of efficient signature schemes that has been a popular target to thresholdize in the literature.""",2,a,CRY
Shweta Agrawal et al.: Attribute Based Encryption for Turing Machines from Lattices. (2024),2024,,,,,
Shweta Agrawal et al.: k-SUM in the Sparse Regime: Complexity and Applications. (2024),2024,1,"Motivated by applications to cryptography, we initiate the study of the sparse regime for k-SUM and its variant k-XOR, especially their planted versions, where a random solution is planted in a randomly generated instance and has to be recovered.",1,"a,b",CRY
Shweta Agrawal et al.: Time-Lock Puzzles from Lattices. (2024),2024,1,"In this work, we propose a new approach to construct time-lock puzzles based on lattices, and therefore with plausible post-quantum security.",3,"a,b","AUC,VOT,BNK,6-BLK,1-BLK,PQC"
Benjamin Bencina et al.: Improved Algorithms for Finding Fixed-Degree Isogenies Between Supersingular Elliptic Curves. (2024),2024,,,,,
Felicitas Hörmann and Wessel P. J. van Woerden: FuLeakage: Breaking FuLeeca by Learning Attacks. (2024),2024,,,,,
Bing Sun et al.: Feistel-Like Structures Revisited: Classification and Cryptanalysis. (2024),2024,,,,,
Fangqi Dong et al.: Tight Characterizations for Preprocessing Against Cryptographic Salting. (2024),2024,,,,,
Fangqi Dong et al.: Laconic Function Evaluation and ABE for RAMs from (Ring-)LWE. (2024),2024,,,,,
Alexander R. Block et al.: Field-Agnostic SNARKs from Expand-Accumulate Codes. (2024),2024,,,,,
Amit Agarwal et al.: Compressing Unit-Vector Correlations via Sparse Pseudorandom Generators. (2024),2024,,,,,
Amos Beimel et al.: Structural Lower Bounds on Black-Box Constructions of Pseudorandom Functions. (2024),2024,,,,,
Benny Applebaum and Eliran Kachlon: Stochastic Secret Sharing with 1-Bit Shares and Applications to MPC. (2024),2024,,,,,
Anasuya Acharya et al.: Malicious Security for SCALES - Outsourced Computation with Ephemeral Servers. (2024),2024,,,,,
"Anders P. K. Dalskov et al.: Fully Secure MPC and zk-FLIOP over Rings: New Constructions, Improvements and Extensions. (2024)",2024,,,,,
Benjamin Ostrovsky: Privacy-Preserving Dijkstra. (2024),2024,1,"""First, we show how for any graph G, given a secret-shared adjacency list, where vertices are arbitrary alphanumeric strings that fit into a single RAM memory word, we can efficiently and securely rename vertices to integers from 1 to V that will appear in increasing order in the resulting secret-shared adjacency list. Second, given a secret-shared adjacency list for any graph G, where vertices are integers from 1 to V and are sorted, we show an oblivious d-normalization algorithm that takes O(1) rounds and O(V + E) secure operations.",1,b,CRY
Andre Esser and Paolo Santini: Not Just Regular Decoding: Asymptotics and Improvements of Regular Syndrome Decoding Attacks. (2024),2024,,,,,
George Lu and Mark Zhandry: Limits on the Power of Prime-Order Groups: Separating Q-Type from Static Assumptions. (2024),2024,,,,,
Dan Boneh et al.: Accountability for Misbehavior in Threshold Decryption via Threshold Traitor Tracing. (2024),2024,1,"we develop the theory of traitor tracing for threshold decryption, where now only a subset J ⊆ [n] of t or more parties can collude to create a pirate decoder D(·).",3,a,"VOT,6-BLK,ASC"
Andreas Hülsing et al.: On Round Elimination for Special-Sound Multi-round Identification and the Generality of the Hypercube for MPCitH. (2024),2024,1,we tackle two open questions related to the general applicability of techniques around this approach that together allow for efficient post-quantum signatures with optimal security bounds in the QROM.,2,b,"AUT,NIST,PQC"
Andrey Kim et al.: Exploring the Advantages and Challenges of Fermat NTT in FHE Acceleration. (2024),2024,,,,,
Bar Alon et al.: MPC for Tech Giants (GMPC): Enabling Gulliver and the Lilliputians to Cooperate Amicably. (2024),2024,,,,,
Dan Boneh et al.: Traceable Secret Sharing: Strong Security and Efficient Constructions. (2024),2024,,,,,
"Aparna Gupte and Vinod Vaikuntanathan: How to Construct Quantum FHE, Generically. (2024)",2024,,,,,
"Balthazar Bauer et al.: Fine-Grained Non-interactive Key Exchange, Revisited. (2024)",2024,,,,,
Daniel J. Bernstein and Tung Chou: CryptAttackTester: high-assurance attack analysis. (2024),2024,,,,,
Baiyu Li et al.: Hintless Single-Server Private Information Retrieval. (2024),2024,1,"""We present two new constructions for private information retrieval (PIR) in the classical setting where the clients do not need to do any preprocessing or store any database dependent information, and the server does not need to store any client-dependent information.""",2,b,"MSG,PWD,WEB,ADD,DAD"
Avital Shafran et al.: Is ML-Based Cryptanalysis Inherently Limited? Simulating Cryptographic Adversaries via Gradient-Based Methods. (2024),2024,,,,,
Augustin Bariant et al.: The Algebraic FreeLunch: Efficient Gröbner Basis Attacks Against Arithmetization-Oriented Primitives. (2024),2024,2,"In this paper, we present a new type of algebraic attack that applies to many recent arithmetization-oriented families of permutations, such as those used in Griffin, Anemoi, ArionHash, and XHash8, whose security relies on the hardness of the constrained-input constrained-output (CICO) problem",1,b,CRY
Dario Catalano et al.: Limits of Black-Box Anamorphic Encryption. (2024),2024,,,,,
Fuchun Lin et al.: More Efficient Zero-Knowledge Protocols over $\mathbb {Z}_{2^k}$ via Galois Rings. (2024),2024,,,,,
Christian Majenz and Fabrizio Sisinni: Provable Security Against Decryption Failure Attacks from LWE. (2024),2024,,,,,
Gaspard Anthoine et al.: Fully-Succinct Multi-key Homomorphic Signatures from Standard Assumptions. (2024),2024,1,we present the first construction of MKHS that are fully succinct (also with respect to the number of users) while achieving adaptive security under standard falsifiable assumptions.,2,"a,b","NWT,PH,1-BLK,DDC"
Carsten Baum et al.: Cheater Identification on a Budget: MPC with Identifiable Abort from Pairwise MACs. (2024),2024,1,"we present a new, lightweight approach to achieving identifiable abort in dishonest majority MPC.",1,b,CRY
Gal Arnon et al.: STIR: Reed-Solomon Proximity Testing with Fewer Queries. (2024),2024,1,"We present STIR (Shift To Improve Rate), an interactive oracle proof of proximity (IOPP) for Reed–Solomon codes that achieves the best known query complexity of any concretely efficient IOPP for this problem.",2,a,CRY
Chris Peikert and Yi Tang: Cryptanalysis of Lattice-Based Sequentiality Assumptions and Proofs of Sequential Work. (2024),2024,2,This work completely breaks the sequentiality assumption (and broad generalizations thereof) underlying the candidate latticebased proof of sequential work (PoSW) recently proposed by Lai and Malavolta at CRYPTO 2023,2,c,"1-BLK,PQC,NWT"
Brent Waters and Mark Zhandry: Adaptive Security in SNARGs via iO and Lossy Functions. (2024),2024,1,"We construct an adaptively sound SNARGs in the plain model with CRS relying on the assumptions of (subexponential) indistinguishability obfuscation (iO), subexponential one-way functions and a notion of lossy functions we call length parameterized lossy functions.",1,b,CRY
Fuyuki Kitagawa et al.: Quantum Public-Key Encryption with Tamper-Resilient Public Keys from One-Way Functions. (2024),2024,,,,,
Abhiram Kothapalli and Srinath T. V. Setty: HyperNova: Recursive Arguments for Customizable Constraint Systems. (2024),2024,,,,,
Gayathri Garimella et al.: Computation Efficient Structure-Aware PSI from Incremental Function Secret Sharing. (2024),2024,,,,,
Björn Kriepke and Gohar M. Kyureghyan: Algebraic Structure of the Iterates of χ. (2024),2024,,,,,
Cecilia Boschini et al.: That's Not My Signature! Fail-Stop Signatures for a Post-quantum World. (2024),2024,1,we propose to add another primitive to that toolbox: Fail-Stop Signatures (FSS) [49]. FSS are digital signatures enhanced with a forgerydetection mechanism that can protect a computationally bounded signer from more powerful attackers.,3,"a,b","PGTS,PQC,CNP
"
Aakash Chowdhury et al.: Leakage Certification Made Simple. (2024),2024,,,,,
Geoffroy Couteau and Naman Kumar: 10-Party Sublinear Secure Computation from Standard Assumptions. (2024),2024,,,,,
Alex Biryukov et al.: Cryptanalysis of Algebraic Verifiable Delay Functions. (2024),2024,2,"In this work, we analyze the security of these algebraic VDF candidates.",4,a,"1-BLK,VOT,BNK"
Renas Bacho et al.: Network-Agnostic Security Comes (Almost) for Free in DKG and MPC. (2023),2023,,,,,
Carsten Baum et al.: Publicly Verifiable Zero-Knowledge and Post-Quantum Signatures from VOLE-in-the-Head. (2023),2023,1,"We present a new method for transforming zero-knowledge protocols in the designated verifier setting into public-coin protocols, which can be made non-interactive and publicly verifiable. Our transformation applies to a large class of ZK protocols based on oblivious transfer.",2,a,"PQC,6-BLK"
Russell W. F. Lai and Giulio Malavolta: Lattice-Based Timed Cryptography. (2023),2023,,,,,
"Sanjam Garg et al.: Cryptography with Weights: MPC, Encryption and Signatures. (2023)",2023,1,"we consider weighted cryptosystems where every party is assigned a certain weight and the trust assumption is that a certain fraction of the total weight is honest. This setting can be translated to the standard setting (where each party has a unit weight) via virtualization. However, this method is quite expensive, incurring a multiplicative overhead in the weight. We present new weighted cryptosystems with significantly better efficiency: our proposed schemes incur only an additive overhead in weights.",2,c,"1-BLK,6-BLK"
Michele Ciampi et al.: List Oblivious Transfer and Applications to Round-Optimal Black-Box Multiparty Coin Tossing. (2023),2023,1,"In this work, we show how to realize any input-less functionality (e.g., coin-tossing, generation of key-pairs, and so on) in four rounds while making black-box use of two-round oblivious transfer.",1,a,CRY
Miran Kim et al.: Accelerating HE Operations from Key Decomposition Technique. (2023),2023,,,,,
Zvika Brakerski: Black-Hole Radiation Decoding Is Quantum Cryptography. (2023),2023,,,,,
Melissa Chase et al.: Anonymous Tokens with Stronger Metadata Bit Hiding from Algebraic MACs. (2023),2023,,,,,
Ran Cohen et al.: Completeness Theorems for Adaptively Secure Broadcast. (2023),2023,,,,,
Ben Fisch et al.: Orbweaver: Succinct Linear Functional Commitments from Lattices. (2023),2023,1,"Orbweaver, the first plausibly post-quantum functional commitment to achieve quasilinear prover time together with O(log n) proof size and O(log n log log n) verifier time. Orbweaver enables evaluation of linear maps on committed vectors over cyclotomic rings or the integers.",1,a,CRY
Miroslaw Kutylowski et al.: Anamorphic Signatures: Secrecy from a Dictator Who Only Permits Authentication! (2023),2023,,,,,
Quang Dao et al.: Multi-party Homomorphic Secret Sharing and Sublinear MPC from Sparse LPN. (2023),2023,,,,,
Muhammed F. Esgin et al.: Efficient Hybrid Exact/Relaxed Lattice Proofs and Applications to Rounding and VRFs. (2023),2023,1," the
construction of lattice-based long-term (stateless) Verifiable Random Functions
(VRFs). A VRF is a type of pseudorandom function whose output is both authenticated and publicly verifiable [MRV99]. ",2,a,CRY
Nicolas Aragon et al.: Analysis of the Security of the PSSI Problem and Cryptanalysis of the Durandal Signature Scheme. (2023),2023,,,,,
Prabhanjan Ananth et al.: Cloning Games: A General Framework for Unclonable Primitives. (2023),2023,1,"a new framework called cloning games. This framework captures many fundamental unclonable primitives such as quantum money, copy-protection, unclonable encryption, single-decryptor encryption, and many more.",2,a,"PQC,CUR,SE"
Brent Waters and Daniel Wichs: Universal Amplification of KDM Security: From 1-Key Circular to Multi-Key KDM. (2023),2023,,,,,
Benny Applebaum et al.: How to Recover a Secret with O(n) Additions. (2023),2023,1,we initiate the study of n-party secret-sharing schemes whose reconstruction algorithm makes a minimal number of additions.,1,"a,b",CRY
Peter Gazi et al.: Practical Settlement Bounds for Longest-Chain Consensus. (2023),2023,,,,,
Pedro Branco et al.: A Framework for Statistically Sender Private OT with Optimal Rate. (2023),2023,1,"In this work we provide a novel construction of SSP OT from the Decisional Diffie-Hellman (DDH) and the Learning Parity with Noise (LPN) assumptions achieving (asymptotically) optimal amortized communication complexity, i.e. it achieves rate 1.",1,"a,b",CRY
Parker Newton and Silas Richelson: A Lower Bound for Proving Hardness of Learning with Rounding with Polynomial Modulus. (2023),2023,,,,,
Nir Bitansky et al.: Non-interactive Universal Arguments. (2023),2023,,,,,
Orr Dunkelman et al.: Practical-Time Related-Key Attack on GOST with Secret S-Boxes. (2023),2023,,,,,
Ohad Klein and Ilan Komargodski: New Bounds on the Local Leakage Resilience of Shamir's Secret Sharing Scheme. (2023),2023,2,They study the local leakage resilience of Shamir’s secret sharing scheme.,2,b,CRY
Bernardo David et al.: Perfect MPC over Layered Graphs. (2023),2023,1,"We consider a layered MPC model, a simplified variant of the fluid MPC model of Choudhuri et al. (Crypto 2021).",1,"a,b",CRY
Binwu Xiang et al.: Fast Blind Rotation for Bootstrapping FHEs. (2023),2023,1,we propose a new blind rotation algorithm based on a GSW-like encryption from the NTRU assumption.,1,"a,b",CRY
Yevgeniy Dodis et al.: Random Oracle Combiners: Breaking the Concatenation Barrier for Collision-Resistance. (2023),2023,,,,,
Ward Beullens and Gregor Seiler: LaBRADOR: Compact Proofs for R1CS from Module-SIS. (2023),2023,,,,,
Ward Beullens: Graph-Theoretic Algorithms for the Alternating Trilinear Form Equivalence Problem. (2023),2023,2,"At Eurocrypt’22 Tang, Duong, Joux, Plantard, Qiao, and Susilo proposed a digital signature algorithm based on the hardness of the isomorphism problem of alternating trilinear forms. We give new heuristic algorithms that solve this problem more efficiently. ",1,"a,b",CRY
Alexander Golovnev et al.: Brakedown: Linear-Time and Field-Agnostic SNARKs for R1CS. (2023),2023,,,,,
Alexander Bienstock et al.: On Linear Communication Complexity for (Maximally) Fluid MPC. (2023),2023,,,,,
Wouter Castryck et al.: Weak Instances of Class Group Action Based Cryptography via Self-pairings. (2023),2023,1,"""In this paper we study non-trivial self-pairings with cyclic domains that are compatible with isogenies between elliptic curves oriented by an imaginary quadratic order O.""",1,"a,b",CRY
Aldo Gunsing et al.: Revisiting the Indifferentiability of the Sum of Permutations. (2023),2023,2,"We revisit the line of research in detail, and observe that the strongest bound of n-bit security has two other serious issues in the reasoning...More concretely, we introduce two attacks that show limited potential of different approaches.",1,"a,b",CRY
Yanbo Chen: sfDualMS: Efficient Lattice-Based Two-Round Multi-signature with Trapdoor-Free Simulation. (2023),2023,1,a lattice-based two-round multi-signature scheme called DualMS with better efficiency over the SOA,2,a,6-BLK
Yang Yu et al.: Compact Lattice Gadget and Its Applications to Hash-and-Sign Signatures. (2023),2023,1,"""This work aims to improve the practicality of gadget-based cryptosystems, with a focus on hash-and-sign signatures. To this end, we develop a compact gadget framework in which the used gadget is a square matrix instead of the short and fat one used in previous constructions. To work with this compact gadget, we devise a specialized gadget sampler, called semi-random sampler, to compute the approximate preimage.""",2,a,"PQC,NST"
Yanyi Liu and Rafael Pass: One-Way Functions and the Hardness of (Probabilistic) Time-Bounded Kolmogorov Complexity w.r.t. Samplable Distributions. (2023),2023,1,"""Consider the recently introduced notion of probabilistic time-bounded Kolmogorov Complexity, pKt (Goldberg et al, CCC’22), and let MpKtP denote the language of pairs (x, t) such that pKt(x) ≤ t. We show the equivalence of the following:  • MpKpolyP is (mildly) hard-on-average w.r.t. any samplable distribution D;  • MpKpolyP is (mildly) hard-on-average w.r.t. the uniform distribution;  • existence of one-way functions.  As far as we know, this yields the first natural class of problems where hardness with respect to any samplable distribution is equivalent to hardness with respect to the uniform distribution.""",1,"a,b",CRY
Yashvanth Kondi et al.: Two-Round Stateless Deterministic Two-Party Schnorr Signatures from Pseudorandom Correlation Functions. (2023),2023,,,,,
Alexander Golovnev et al.: Revisiting Time-Space Tradeoffs for Function Inversion. (2023),2023,,,,,
Youngjin Bae et al.: HERMES: Efficient Ring Packing Using MLWE Ciphertexts and Application to Transciphering. (2023),2023,,,,,
Yu Long Chen et al.: Improved Multi-user Security Using the Squared-Ratio Method. (2023),2023,2,"This paper introduces a new method for information-theoretic multi-user security proofs, called “the Squared-Ratio method”.",1,"a,b",CRY
Yuval Ishai et al.: Computational Wiretap Coding from Indistinguishability Obfuscation. (2023),2023,,,,,
Yuval Ishai et al.: One-Message Secure Reductions: On the Cost of Converting Correlations. (2023),2023,,,,,
Yuval Ishai et al.: Round-Optimal Black-Box MPC in the Plain Model. (2023),2023,1,We give the first construction of a (fully) black-box roundoptimal secure multiparty computation protocol in the plain model.,1,b,CRY
Yuval Ishai et al.: Succinct Arguments for RAM Programs via Projection Codes. (2023),2023,,,,,
Abhiram Kothapalli and Bryan Parno: Algebraic Reductions of Knowledge. (2023),2023,1,"""We introduce reductions of knowledge, a generalization of arguments of knowledge, which reduce checking knowledge of a witness in one relation to checking knowledge of a witness in another (simpler) relation.""",1,b,CRY
Aayush Jain et al.: The Pseudorandom Oracle Model and Ideal Obfuscation. (2023),2023,,,,,
Zvika Brakerski et al.: Simple Tests of Quantumness Also Certify Qubits. (2023),2023,,,,,
Zvika Brakerski et al.: SNARGs for Monotone Policy Batch NP. (2023),2023,1,"""We construct a succinct non-interactive argument (SNARG) for the class of monotone policy batch NP languages under the Learning with Errors (LWE) assumption. This class is a subclass of NP that is associated with a monotone function f : {0, 1}k → {0, 1} and an NP language L, and contains instances (x1, . . . , xk) such that f (b1, . . . , bk) = 1 where bj = 1 if and only if xj ∈ L. Our SNARGs are arguments of knowledge in the non-adaptive setting, and satisfy a new notion of somewhere extractability against adaptive adversaries.""",1,"a,b",CRY
Sonia Belaïd et al.: Unifying Freedom and Separation for Tight Probing-Secure Composition. (2023),2023,,,,,
Ashrujit Ghoshal and Stefano Tessaro: The Query-Complexity of Preprocessing Attacks. (2023),2023,,,,,
Shai Halevi et al.: Additive Randomized Encodings and Their Applications. (2023),2023,,,,,
Shichang Wang et al.: Moving a Step of ChaCha in Syncopated Rhythm. (2023),2023,,,,,
Shuai Han et al.: Almost Tight Multi-user Security Under Adaptive Corruptions from LWE in the Standard Model. (2023),2023,1,we construct the first digital signature (SIG) and public-key encryption (PKE) schemes with almost tight multi-user security under adaptive corruptions based on the learning-with-errors (LWE) assumption in the standard model.,1,"a,b",CRY
Shuichi Katsumata et al.: CSI -Otter: Isogeny-Based (Partially) Blind Signatures from the Class Group Action with a Twist. (2023),2023,,,,,
Arthur Lazzaretti and Charalampos Papamanthou: TreePIR: Sublinear-Time and Polylog-Bandwidth Private Information Retrieval from DDH. (2023),2023,,,,,
Shweta Agrawal et al.: Attribute-Based Multi-input FE (and More) for Attribute-Weighted Sums. (2023),2023,1,We extend FE for AWS to the significantly more challenging multi-party setting and provide the first construction for attribute-based multi-input FE (MIFE) supporting AWS.,2,c,"MIN,PH,BMD,CC"
Shweta Agrawal et al.: Constant Input Attribute Based (and Predicate) Encryption from Evasive and Tensor LWE. (2023),2023,1,"In this work, we advance this line of research by providing the first construction of multi-input attribute based encryption (miABE) for the function class NC1 for any constant arity from evasive LWE.",3,b,"BMD,PQC,CC"
Arka Rai Choudhuri et al.: Correlation Intractability and SNARGs from Sub-exponential DDH. (2023),2023,,,,,
Solane El Hirch et al.: Twin Column Parity Mixers and Gaston - A New Mixing Layer and Permutation. (2023),2023,,,,,
"Sebastian Berndt et al.: Combined Fault and Leakage Resilience: Composability, Constructions and Compiler. (2023)",2023,1,This work presents a compiler based on polynomial masking that achieves linear computational complexity for affine functions and cubic complexity for non-linear functions.,3,a,HWM
Srinivasan Raghuraman et al.: Expand-Convolute Codes for Pseudorandom Correlation Generators from LPN. (2023),2023,,,,,
Stefan Dziembowski et al.: Individual Cryptography. (2023),2023,,,,,
Surya Mathialagan and Neekon Vafa: MacORAMa: Optimal Oblivious RAM with Integrity. (2023),2023,,,,,
André Schrottenloher: Quantum Linear Key-Recovery Attacks Using the QFT. (2023),2023,,,,,
"Tianren Liu et al.: Layout Graphs, Random Walks and the t-Wise Independence of SPN Block Ciphers. (2023)",2023,2,modeling more advanced security of block ciphers (class that includes AES) using substitution permutation networks ,2,a,CRY
Tianrui Wang et al.: Exploring Decryption Failures of BIKE: New Class of Weak Keys and Key Recovery Attacks. (2023),2023,,,,,
Anasuya Acharya et al.: Best of Both Worlds - Revisiting the Spymasters Double Agent Problem. (2023),2023,1,Defines a notion of secure multiparty computation: MPC with fall-back security and then a compiler that can transform any n-party protocol that is semi-honestly secure with statistical security tolerating a general adversary structure Z to one that (additionally) provides semihonest fall-back security w.r.t Z.,2,b,CRY
Valerio Cini et al.: Lattice-Based Succinct Arguments from Vanishing Polynomials - (Extended Abstract). (2023),2023,,,,,
Vipul Goyal et al.: On Concurrent Multi-party Quantum Computation. (2023),2023,,,,,
Vipul Goyal et al.: Reusable Secure Computation in the Plain Model. (2023),2023,,,,,
Fukang Liu et al.: Coefficient Grouping for Complex Affine Layers. (2023),2023,,,,,
James Bartusek and Dakshita Khurana: Cryptography with Certified Deletion. (2023),2023,,,,,
Kai Gellert et al.: On Optimal Tightness for Key Exchange with Full Forward Secrecy via Key Confirmation. (2023),2023,,,,,
Damiano Abram et al.: Security-Preserving Distributed Samplers: How to Generate Any CRS in One Round Without Random Oracles. (2023),2023,,,,,
Jiaxin Guan et al.: Streaming Functional Encryption. (2023),2023,,,,,
Ittai Abraham et al.: Bingo: Adaptivity and Asynchrony in Verifiable Secret Sharing and Distributed Key Generation. (2023),2023,,,,,
"Loïc Masure and François-Xavier Standaert: Prouff and Rivain's Formal Security Proof of Masking, Revisited - Tight Bounds in the Noisy Leakage Model. (2023)",2023,1,"A masking proof with meaningful security bounds, i.e., for which the desired security level can be reached with a reasonable amount of masking shares, and requiring a reasonable amount of noise from the device, for side channel attacks",1,a,CRY
"Corentin Jeudy et al.: Lattice Signature with Efficient Protocols, Application to Anonymous Credentials. (2023)",2023,,,,,
Lorenzo Grassi et al.: Cryptanalysis of Symmetric Primitives over Rings and a Key Recovery Attack on Rubato. (2023),2023,,,,,
David Heath et al.: Tri-State Circuits - A Circuit Model that Captures RAM. (2023),2023,,,,,
Maxime Bombar et al.: Correlated Pseudorandomness from the Hardness of Quasi-Abelian Decoding. (2023),2023,,,,,
Lorenzo Grassi et al.: Horst Meets Fluid-SPN: Griffin for Zero-Knowledge Applications. (2023),2023,,,,,
Julien Devevey et al.: A Detailed Analysis of Fiat-Shamir with Aborts. (2023),2023,1,"""In this work, we emphasize that combining random oracles with loop iterations induces numerous technicalities for analyzing correctness, runtime, and security of the resulting schemes, both in the bounded and unbounded case. As a first contribution, we put light on errors in all existing analyses. We then provide two detailed analyses in the QROM for the bounded case, adapted from Kiltz, Lyubashevsky, and Shaffner [EUROCRYPT’18] and from Grilo, Ho ̈velmanns, Hu ̈lsing, and Majenz [ASIACRYPT’21]. In the process, we prove the underlying Σ-protocol to achieve a stronger zero-knowledge property than usually considered for Σ-protocols with aborts, which enables a corrected analysis. A further contribution is a detailed analysis in the case of unbounded aborts, the latter inducing several additional subtleties""",1,b,CRY
"Cody Freitag et al.: How to Use (Plain) Witness Encryption: Registered ABE, Flexible Broadcast, and More. (2023)",2023,,,,,
Dennis Hofheinz et al.: The Power of Undirected Rewindings for Adaptive Security. (2023),2023,,,,,
Manuel Barbosa et al.: Fixing and Mechanizing the Security Proof of Fiat-Shamir with Aborts and Dilithium. (2023),2023,2,We extend and consolidate the security justification for the Dilithium signature scheme.,1,b,CRY
Manuel Barbosa et al.: Machine-Checked Security for rmXMSS as in RFC 8391 and $\mathrm {SPHINCS^{+}} $. (2023),2023,2,"""As part of this endeavor, we formally verify the crucial step common to the security proofs of SPHINCS+ and XMSS that was found to be flawed before, thereby confirming that the core of the aforementioned security proof by Hülsing and Kudinov is correct.""",2,c,
Clément Hoffmann et al.: Learning with Physical Rounding for Linear and Quadratic Leakage Functions. (2023),2023,2,"In this paper, we first consolidate the intuition that LWPR cannot be secure in a serial implementation context without additional countermeasures (like shuffling), due to attacks exploiting worst-case leakages that can be mounted with practical data complexity. We then extend the understanding of LWPR in a parallel implementation setting.",1,b,CRY
Dan Boneh et al.: Arithmetic Sketching. (2023),2023,1,"This paper introduces arithmetic sketching, an abstraction of a primitive that several previous works use to achieve lightweight, lowcommunication zero-knowledge verification of secret-shared vectors.",3,b,"ADD,MSG,VOT"
Dana Dachman-Soled et al.: Revisiting Security Estimation for LWE with Hints from a Geometric Perspective. (2023),2023,,,,,
James Bartusek et al.: Publicly-Verifiable Deletion via Target-Collapsing Functions. (2023),2023,,,,,
James Bartusek et al.: Secure Computation with Shared EPR Pairs (Or: How to Teleport in Zero-Knowledge). (2023),2023,,,,,
Kaiyi Zhang et al.: Revisiting the Constant-Sum Winternitz One-Time Signature with Applications to SPHINCS<sup>+</sup> and XMSS. (2023),2023,,,,,
Emanuele Giunta: On the Impossibility of Algebraic NIZK in Pairing-Free Groups. (2023),2023,1,"A proof that for a large class of NIZK either a pairing-free group is used non black-box by relying on element representation, or security reduces to external hardness assumptions.",1,a,CRY
Jiangxia Ge et al.: Tighter QCCA-Secure Key Encapsulation Mechanism with Explicit Rejection in the Quantum Random Oracle Model. (2023),2023,2,a QROM security reduction of FO⊥m without incurring a quadratic security loss is provided.,1,"a,b",CRY
Daniele Micciancio and Mark Schultz: Error Correction and Ciphertext Quantization in Lattice Cryptography. (2023),2023,,,,,
Jeffrey Champion and David J. Wu: Non-interactive Zero-Knowledge from Non-interactive Batch Arguments. (2023),2023,,,,,
Keegan Ryan and Nadia Heninger: Fast Practical Lattice Reduction Through Iterated Compression. (2023),2023,,,,,
"Kevin Yeo: Cuckoo Hashing in Cryptography: Optimal Parameters, Robustness and Applications. (2023)",2023,,,,,
Léo Ducas et al.: Finding Short Integer Solutions When the Modulus Is Small. (2023),2023,,,,,
Léo Ducas and Ludo N. Pulles: Does the Dual-Sieve Attack on Learning with Errors Even Work? (2023),2023,,,,,
Lennart Braun et al.: Secure Multiparty Computation from Threshold Encryption Based on Class Groups. (2023),2023,1,"We construct the first actively-secure threshold version of the cryptosystem based on class groups from the so-called CL framework (Castagnos and Laguillaumie, 2015). We show how to use our threshold scheme to achieve general universally composable (UC) secure multiparty computation (MPC) with only transparent set-up, i.e., with no secret trapdoors involved.",1,"a,b",CRY
Khashayar Barooti et al.: On Active Attack Detection in Messaging with Immediate Decryption. (2023),2023,1,"we consider strong active attack detection for secure messaging with immediate decryption, where parties are able to immediately detect active attacks under certain conditions.",3,a,"MGS,PGTS"
Jonathan Bootle et al.: Lattice-Based Succinct Arguments for NP with Polylogarithmic-Time Verification. (2023),2023,1,"we construct the first interactive argument system for NP with succinct verification that, departing from the Merkle-tree paradigm, exploits the homomorphic properties of lattice-based commitments.",1,b,CRY
Geoffroy Couteau et al.: A Note on Non-interactive Zero-Knowledge from CDH. (2023),2023,,,,,
Giuseppe Persiano and Kevin Yeo: Limits of Breach-Resistant and Snapshot-Oblivious RAMs. (2023),2023,,,,,
Matilda Backendal et al.: When Messages Are Keys: Is HMAC a Dual-PRF? (2023),2023,,,,,
"Gayathri Garimella et al.: Malicious Secure, Structure-Aware Private Set Intersection. (2023)",2023,,,,,
Hanshen Xiao and Srinivas Devadas: PAC Privacy: Automatic Privacy Measurement and Control of Data Processing. (2023),2023,1,"We propose and study a new privacy definition, termed Probably Approximately Correct (PAC) Privacy. PAC Privacy characterizes the information-theoretic hardness to recover sensitive data given arbitrary information disclosure/leakage during/after any processing",2,b,"ML, DDC"
Jonathan Bootle et al.: A Framework for Practical Anonymous Credentials from Lattices. (2023),2023,1,"""We present a framework for building practical anonymous credential schemes based on the
hardness of lattice problems. The running time of the prover and verifier is independent of the number
of users and linear in the number of attributes.""",2,b,"AUT,NIST,PQC
"
Marta Bellés-Muñoz et al.: Revisiting Cycles of Pairing-Friendly Elliptic Curves. (2023),2023,1,"we explore 2-cycles composed of curves from families parameterized by polynomials, and show that such cycles do not exist unless a strong condition holds.",1,a,CRY
Jonathan Fuchs et al.: On the Security of Keyed Hashing Based on Public Permutations. (2023),2023,,,,,
Divesh Aggarwal et al.: Extractors: Low Entropy Requirements Colliding with Non-malleability. (2023),2023,,,,,
Mark Zhandry: Tracing Quantum State Distinguishers via Backtracking. (2023),2023,,,,,
Duhyeong Kim et al.: Toward Practical Lattice-Based Proof of Knowledge from Hint-MLWE. (2023),2023,1,"A new proof of knowledge protocols without using noise flooding or rejection sampling which are provably secure under a computational hardness assumption, called Hint-MLWE. We also show an efficient reduction from Hint-MLWE to the standard MLWE assumption.",2,b,"DAD,PQC"
Gareth T. Davies et al.: Security Analysis of the WhatsApp End-to-End Encrypted Backup Protocol. (2023),2023,2,"The E2EE WhatsApp backup protocol (WBP) allows users to recover their chat history from passwords, leaving WhatsApp oblivious of the actual encryption keys.In this work, we provide the first formal security analysis of the WBP.",4,"a,c","MSG,PGTS"
Elizabeth C. Crites et al.: Snowblind: A Threshold Blind Signature in Pairing-Free Groups. (2023),2023,,,,,
Hien Chu et al.: Practical Schnorr Threshold Signatures Without the Algebraic Group Model. (2023),2023,,,,,
"Gabrielle De Micheli et al.: Reductions from Module Lattices to Free Module Lattices, and Application to Dequantizing Module-LLL. (2023)",2023,2,"we give evidence that free modules (i.e., modules which admit a basis) are no weaker than arbitrary modules, when it comes to solving cryptographic algorithmic problems (and when the rank of the module is at least 2).",1,a,CRY
Christina Boura et al.: Differential Meet-In-The-Middle Cryptanalysis. (2023),2023,,,,,
Elizabeth C. Crites et al.: Fully Adaptive Schnorr Threshold Signatures. (2023),2023,,,,,
Joël Alwen et al.: Fork-Resilient Continuous Group Key Agreement. (2023),2023,,,,,
Jiaxin Pan et al.: Lattice-Based Authenticated Key Exchange with Tight Security. (2023),2023,,,,,
Christof Beierle et al.: On Perfect Linear Approximations and Differentials over Two-Round SPNs. (2023),2023,,,,,
Clémence Bouvier et al.: New Design Techniques for Efficient Arithmetization-Oriented Hash Functions: ttAnemoi Permutations and ttJive Compression Mode. (2023),2023,1,new designs for hash functions specifically tailored for ZK applications that improves efficiency over SOA,4,c,6-BLK
John Baena et al.: Improving Support-Minors Rank Attacks: Applications to Gđisplaystyle eMSS and Rainbow. (2022),2022,,,,,
Jesper Buus Nielsen et al.: Public Randomness Extraction with Ephemeral Roles and Worst-Case Corruptions. (2022),2022,1,We distill a simple information-theoretic model for randomness extraction motivated by the task of generating publicly verifiable randomness in blockchain settings and which is closely related to YouOnly-Speak-Once (YOSO) protocols (CRYPTO 2021).,4,c,"VOT,WEB,MSG,ASC,1-BLK"
Allen Kim et al.: A New Approach to Efficient Non-Malleable Zero-Knowledge. (2022),2022,,,,,
Xiaoyang Dong et al.: Triangulating Rebound Attack on AES-like Hashing. (2022),2022,,,,,
Tiancheng Xie et al.: Orion: Zero Knowledge Proof with Linear Prover Time. (2022),2022,1,"Orion, a new zero-knowledge argument system that achieves O(N ) prover time of field operations and hash functions and O(log2 N ) proof size.",2,b,"1-BLK,6-BLK,ML,SE"
Tomoyuki Morimae and Takashi Yamakawa: Quantum Commitments and Signatures Without One-Way Functions. (2022),2022,,,,,
Joël Alwen et al.: On the Insider Security of MLS. (2022),2022,,,,,
Tim Beyne and Vincent Rijmen: Differential Cryptanalysis in the Fixed-Key Model. (2022),2022,,,,,
"Vadim Lyubashevsky et al.: Lattice-Based Zero-Knowledge Proofs and Applications: Shorter, Simpler, and More General. (2022)",2022,,,,,
Tim Beyne and Yu Long Chen: Provably Secure Reflection Ciphers. (2022),2022,1,"As a first contribution, we initiate the study of key-alternating reflection ciphers in the ideal permutation model. Our second contribution is a generic key-length extension method for reflection ciphers.",1,b,"CRY
"
Huijia Lin and Tianren Liu: Two-Round MPC Without Round Collapsing Revisited - Towards Efficient Malicious Protocols. (2022),2022,,,,,
Georgios Tsimos et al.: Gossiping for Communication-Efficient Broadcast. (2022),2022,,,,,
"Gayathri Garimella et al.: Structure-Aware Private Set Intersection, with Applications to Fuzzy Matching. (2022)",2022,,,,,
Zhongfeng Niu et al.: Rotational Differential-Linear Distinguishers of ARX Ciphers with Arbitrary Output Linear Masks. (2022),2022,1,"we partially solve this open problem by presenting an efficient algorithm for computing the (rotational) differential-linear correlation of modulo additions for arbitrary output linear masks, based on which a technique for evaluating the (rotational) differential-linear correlation of ARX ciphers is derived.",3,"a,b",CRY
Zhenzhen Bao et al.: Superposition Meet-in-the-Middle Attacks: Updates on Fundamental Security of AES-like Hashing. (2022),2022,,,,,
Zeyu Liu and Eran Tromer: Oblivious Message Retrieval. (2022),2022,1,"We show how untrusted servers can detect messages on behalf of recipients, and summarize these into a compact encrypted digest that recipients can easily decrypt.",4,"a,c","MSG,6-BLK,DDC,WEB,DAD"
Abhiram Kothapalli et al.: Nova: Recursive Zero-Knowledge Arguments from Folding Schemes. (2022),2022,1,"a new approach to realize incrementally verifiable computation (IVC), in which the prover recursively proves the correct execution of incremental computations of the form y = F^(l )(x), where F is a (potentially non-deterministic) computation, x is the input, y is the output, and > 0.",2,b,1-BLK
Yuval Ishai et al.: Beyond the Csiszár-Korner Bound: Best-Possible Wiretap Coding via Obfuscation. (2022),2022,,,,,
Yusuke Naito et al.: Secret Can Be Public: Low-Memory AEAD Mode for High-Order Masking. (2022),2022,,,,,
Adrián Ranea et al.: Implicit White-Box Implementations: White-Boxing ARX Ciphers. (2022),2022,,,,,
Akshima et al.: Time-Space Lower Bounds for Finding Collisions in Merkle-Damgård Hash Functions. (2022),2022,,,,,
Jeremiah Blocki and Blake Holman: Sustained Space and Cumulative Complexity Trade-Offs for Data-Dependent Memory-Hard Functions. (2022),2022,,,,,
Iftach Haitner et al.: Lower Bound on SNARGs in the Random Oracle Model. (2022),2022,,,,,
Ilan Komargodski et al.: log <sup>*</sup>-Round Game-Theoretically-Fair Leader Election. (2022),2022,,,,,
Yang Du et al.: Snapshot-Oblivious RAMs: Sub-logarithmic Efficiency for Short Transcripts. (2022),2022,,,,,
Aldo Gunsing: Block-Cipher-Based Tree Hashing. (2022),2022,2,"First of all we take a thorough look at an error in a paper by Daemen et al...We discuss in detail how this oversight is caused and how it can be avoided...We next demonstrate how the negative effects on the security bound of the construction by Daemen et al. can be resolved...Finally, we introduce the tree sponge, a generalization of the sequential sponge construction with parallel absorbing and squeezing.",1,"a,b",CRY
Justin Holmgren and Ron D. Rothblum: Faster Sounder Succinct Arguments and sfIOPs. (2022),2022,,,,,
Alexander Bienstock et al.: A More Complete Analysis of the Signal Double Ratchet Algorithm. (2022),2022,2,"In this work, we develop a new Universally Composable (UC) definition FDR that we show is provably achieved by the DR protocol.",4,c,MSG
James Bartusek et al.: Succinct Classical Verification of Quantum Computation. (2022),2022,,,,,
Federico Canale et al.: Simon's Algorithm and Symmetric Crypto: Generalizations and Automatized Applications. (2022),2022,,,,,
Ward Beullens: Breaking Rainbow Takes a Weekend on a Laptop. (2022),2022,,,,,
"Jean Paul Degabriele and Vukasin Karadzic: Overloading the Nonce: Rugged PRPs, Nonce-Set AEAD, and Order-Resilient Channels. (2022)",2022,1,We introduce a new security notion that lies right in between pseudorandom permutations (PRPs) and strong pseudorandom permutations (SPRPs).,3,b,CNP
Vipul Goyal et al.: Tight Bounds on the Randomness Complexity of Secure Multiparty Computation. (2022),2022,1,"We revisit the question of minimizing the randomness complexity of protocols for secure multiparty computation (MPC) in the setting of perfect information-theoretic security. We essentially close the question by proving an Ω(t2) lower bound on the randomness complexity of XOR, matching the previous upper bound up to a logarithmic factor (or constant factor when t = Ω(n)). We also obtain an explicit protocol that uses O(t2 · log2 n) random bits, matching our lower bound up to a polylogarithmic factor. ",2,b,CRY
Vipul Goyal et al.: Sharing Transformation and Dishonest Majority MPC with Packed Secret Sharing. (2022),2022,1,In this work we initiate the study of sharing transformations which allow us to perform arbitrary linear maps on the secrets of (possibly packed) secret-sharing schemes.,1,a,CRY
Jelle Don et al.: Efficient NIZKs and Signatures from Commit-and-Open Protocols in the QROM. (2022),2022,,,,,
"Mark Zhandry: To Label, or Not To Label (in Generic Groups). (2022)",2022,,,,,
"Prabhanjan Ananth et al.: On the Feasibility of Unclonable Encryption, and More. (2022)",2022,,,,,
Prabhanjan Ananth et al.: Cryptography from Pseudorandom Quantum States. (2022),2022,,,,,
Cody Freitag et al.: Time-Space Tradeoffs for Sponge Hashing: Attacks and Limitations for Short Collisions. (2022),2022,,,,,
Benny Applebaum et al.: Quadratic Multiparty Randomized Encodings Beyond Honest Majority and Their Applications. (2022),2022,,,,,
Per Austrin et al.: On the Impossibility of Key Agreements from Quantum Random Oracles. (2022),2022,,,,,
Omri Shmueli: Semi-quantum Tokenized Signatures. (2022),2022,,,,,
Maria Corte-Real Santos et al.: Accelerating the Delfs-Galbraith Algorithm with Fast Subfield Root Detection. (2022),2022,,,,,
Benny Applebaum et al.: Verifiable Relation Sharing and Multi-verifier Zero-Knowledge in Two Rounds: Trading NIZKs with Honest Majority - (Extended Abstract). (2022),2022,,,,,
Nishanth Chandran et al.: Short Leakage Resilient and Non-malleable Secret Sharing Schemes. (2022),2022,,,,,
Christof Beierle et al.: Constructing and Deconstructing Intentional Weaknesses in Symmetric Ciphers. (2022),2022,,,,,
Nir Bitansky et al.: Constructive Post-Quantum Reductions. (2022),2022,,,,,
Nir Bitansky and Sapir Freizeit: Statistically Sender-Private OT from LPN and Derandomization. (2022),2022,1,We construct a two-message oblivious transfer protocol with statistical sender privacy (SSP OT) based on the Learning Parity with Noise (LPN) Assumption and a standard Nisan-Wigderson style derandomization assumption.,1,"a,b",CRY
Mark Zhandry: Augmented Random Oracles. (2022),2022,1,a new paradigm for studying ROM constructions that we call the Augmented Random Oracle Model (AROM),3,"a,b",CRY
Mark Zhandry: New Constructions of Collapsing Hashes. (2022),2022,,,,,
Brent Waters and David J. Wu: Batch Arguments for sfNP and More from Standard Bilinear Group Assumptions. (2022),2022,1,"In this work, we give the first construction of a non-interactive batch argument for NP from standard assumptions on groups with bilinear maps (specifically, from either the subgroup decision assumption in composite-order groups or from the k-Lin assumption in prime-order groups for any k ≥ 1)",1,"a,b",CRY
Damiano Abram et al.: An Algebraic Framework for Silent Preprocessing with Trustless Setup and Active Security. (2022),2022,,,,,
Ngoc Khanh Nguyen and Gregor Seiler: Practical Sublinear Proofs for R1CS from Lattices. (2022),2022,,,,,
Brice Minaud and Michael Reichle: Dynamic Local Searchable Symmetric Encryption. (2022),2022,,,,,
Nai-Hui Chia et al.: Post-quantum Simulatable Extraction with Minimal Assumptions: Black-Box and Constant-Round. (2022),2022,,,,,
Christian Matt et al.: Formalizing Delayed Adaptive Corruptions and the Security of Flooding Networks. (2022),2022,,,,,
Marshall Ball et al.: (Nondeterministic) Hardness vs. Non-malleability. (2022),2022,1,We present the first truly explicit constructions of nonmalleable codes against tampering by bounded polynomial size circuits.,1,b,CRY
"Martin R. Albrecht et al.: Lattice-Based SNARKs: Publicly Verifiable, Preprocessing, and Recursively Composable - (Extended Abstract). (2022)",2022,,,,,
Carsten Baum et al.: Moz$\mathbb {Z}_{2^k}$arella: Efficient Vector-OLE and Zero-Knowledge Proofs over $\mathbb {Z}_{2^k}$. (2022),2022,,,,,
Charlotte Lefevre and Bart Mennink: Tight Preimage Resistance of the Sponge Construction. (2022),2022,2,We derive an improved and tight preimage security bound for the cryptographic sponge construction.,1,a,CRY
Mihir Bellare et al.: Better than Advertised Security for Non-interactive Threshold Signatures. (2022),2022,1,"unified syntax, and a hierarchy of definitions of security of increasing strength, for non-interactive threshold signature schemes.",2,c,"6-BLK,NIST,AUT"
Cas Cremers et al.: CHIP and CRISP: Protecting All Parties Against Compromise Through Identity-Binding PAKEs. (2022),2022,,,,,
Cecilia Boschini et al.: MuSig-L: Lattice-Based Multi-signature with Single-Round Online Phase. (2022),2022,,,,,
Charlotte Hoffmann et al.: Practical Statistically-Sound Proofs of Exponentiation in Any Group. (2022),2022,,,,,
Michel Abdalla et al.: Password-Authenticated Key Exchange from Group Actions. (2022),2022,,,,,
Matthias Fitzi et al.: Ofelimos: Combinatorial Optimization via Proof-of-Useful-Work - A Provably Secure Blockchain Protocol. (2022),2022,,,,,
Maxime Bombar et al.: On Codes and Learning with Errors over Function Fields. (2022),2022,,,,,
Shafik Nassar and Ron D. Rothblum: Succinct Interactive Oracle Proofs: Applications and Limitations. (2022),2022,,,,,
"Andre Esser et al.: Partial Key Exposure Attacks on BIKE, Rainbow and NTRU. (2022)",2022,2,"We strongly question this belief by constructing partial key exposure attacks on code-based, multivariate, and latticebased schemes (BIKE, Rainbow and NTRU).",1,"a,b",CRY
André Schrottenloher and Marc Stevens: Simplified MITM Modeling for Permutations: New (Quantum) Attacks. (2022),2022,,,,,
"Thomas Attema and Serge Fehr: Parallel Repetition of (k<sub>1, đots</sub> , k<sub>μ </sub>)-Special-Sound Multi-round Interactive Proofs. (2022)",2022,2,showing t-fold parallel repetition of proofs reduces knowledge error down to negligible,1,b,CRY
Thibauld Feneuil et al.: Syndrome Decoding in the Head: Shorter Signatures from Zero-Knowledge Proofs. (2022),2022,1,"In this paper, we introduce a new zero-knowledge proof for the syndrome decoding problem on random linear codes. we propose a 5-round zero-knowledge protocol that proves the knowledge of a vector x such that y = Hx and wt(x) ≤ w and which achieves a soundness error closed to 1/N for an arbitrary N .",1,"a,b",CRY
Taiga Hiroka et al.: Certified Everlasting Zero-Knowledge Proof for QMA. (2022),2022,,,,,
Susumu Kiyoshima: Public-Coin 3-Round Zero-Knowledge from Learning with Errors and Keyless Multi-Collision-Resistant Hash. (2022),2022,,,,,
Andreas Hülsing et al.: Formal Verification of Saber's Public-Key Encryption Scheme in EasyCrypt. (2022),2022,1,"""In this work, we consider the formal verification of the publickey encryption scheme of Saber, one of the selected few post-quantum cipher suites currently considered for potential standardization.""",1,b,CRY
Elette Boyle et al.: Programmable Distributed Point Functions. (2022),2022,1,"We present a new framework for 2-party DPF construction, which applies in the setting of feasible (polynomial-size) domains. This captures in particular all DPF applications in which the keys are expanded to the full domain. Our approach is motivated by a strengthened notion we put forth, of programmable DPF (PDPF), in which a short, input-independent “offline” key can be reused for sharing many point functions. We obtain the following results on PDPFs and their applications",2,a,"MSG,DAD"
Elette Boyle et al.: Correlated Pseudorandomness from Expand-Accumulate Codes. (2022),2022,1,"A pseudorandom correlation generator (PCG) is a recent tool for securely generating useful sources of correlated randomness, such as random oblivious transfers (OT) and vector oblivious linear evaluations (VOLE), with low communication cost. We introduce a simple new design for PCGs based on so-called expand-accumulate codes, which first apply a sparse random expander graph to replicate each message entry, and then accumulate the entries by computing the sum of each prefix.",1,a,CRY
Shweta Agrawal et al.: Multi-input Attribute Based Encryption and Predicate Encryption. (2022),2022,,,,,
Justin Holmgren et al.: Nearly Optimal Property Preserving Hashing. (2022),2022,1,"give new constructions of (R)PPH for exact Hamming distance. Our constructions are conceptually simpler, are based on more general assumptions, and achieve improved compression compared to prior work.",3,a,"LE,SE"
Shujiao Cao and Rui Xue: The Gap Is Sensitive to Size of Preimages: Collapsing Property Doesn't Go Beyond Quantum Collision-Resistance for Preimages Bounded Hash Functions. (2022),2022,,,,,
Ashrujit Ghoshal and Ilan Komargodski: On Time-Space Tradeoffs for Bounded-Length Collisions in Merkle-Damgård Hashing. (2022),2022,1,Confirm the following conjecture for many new parameter settings: adversaries with arbitrary S-bit advice about the random oracle and can make at most T queries to it. Our goal is to characterize the advantage of such adversaries in finding a B-block collision in an MD hash function constructed using the random oracle with range size N as the compression function (given a random salt).,1,a,CRY
Katharina Boudgoust et al.: Some Easy Instances of Ideal-SVP and Implications on the Partial Vandermonde Knapsack Problem. (2022),2022,1,we generalize the works of Pan et al. (Eurocrypt’21) and Porter et al. (ArXiv’21) and provide a simple condition under which an ideal lattice defines an easy instance of the shortest vector problem.,1,"a,b",CRY
"Shahar P. Cohen and Moni Naor: Low Communication Complexity Protocols, Collision Resistant Hash Functions and Secret Key-Agreement Protocols. (2022)",2022,1,We define a model where there is a source of public randomness but the inputs are chosen by a computationally bounded adversarial participant after seeing the public randomness. We show that breaking the known communication lower bounds of the private coins model in this setting is closely connected to known cryptographic assumptions.,1,b,CRY
Thomas Espitau et al.: Shorter Hash-and-Sign Lattice-Based Signatures. (2022),2022,,,,,
Khoa Nguyen et al.: Multimodal Private Signatures. (2022),2022,1,Multimodal Private Signature (MPS) - an anonymous signature system that allows a designated opening authority to learn nothing beyond some partial information about the signer’s identity id,3,a,"6-BLK,LE,PH,CUR,AUT"
Lawrence Roy: SoftSpokenOT: Quieter OT Extension from Small-Field Silent VOLE in the Minicrypt Model. (2022),2022,1,"SoftSpokenOT, the first OT extension to improve on IKNP’s communication cost in the Minicrypt model, plus some flaws in existing cryptosystems",1,"a,b",CRY
Samuel Dittmer et al.: Authenticated Garbling from Simple Correlations. (2022),,1,we use other kinds of simple correlations to realize the authenticated garbling functionality with better efficiency.,1,"a,b",CRY
"Rupeng Yang et al.: Public-Key Watermarking Schemes for Pseudorandom Functions. (2022)
",2022,1,construction for public-key watermarkable PRFs with different trade-offs from various assumptions,2,c,"PQC,SE"
Baiyu Li et al.: Securing Approximate Homomorphic Encryption Using Differential Privacy. (2022),2022,1,"transformation to make any approximate homomorphic encryption scheme achieving the weak IND-CPA security definition into one
which is provably IND-CPAD secure using DP",2,b,ML
"Rutchathon Chairattana-Apirom et al.: PI-Cut-Choo and Friends: Compact Blind Signatures via Parallel Instance Cut-and-Choose and More. (2022)
",2022,1,"an improved transform for obtaining a secure blind signing protocol tolerating any poly(n) concurrent executions from one that is secure for O(log n) concurrent executions
",2,b,"CUR,VOT,AUT"
Rotem Tsabary: Candidate Witness Encryption from Lattice Techniques. (2022),2022,,,,,
Ron D. Rothblum and Prashant Nalini Vasudevan: Collision-Resistance from Multi-Collision-Resistance. (2022),2022,,,,,
Daniel Escudero et al.: More Efficient Dishonest Majority Secure Computation over $\mathbb {Z}_{2^k}$ via Galois Rings. (2022),2022,,,,,
Rishab Goyal and Vinod Vaikuntanathan: Locally Verifiable Signature and Key Aggregation. (2022),2022,1,"locally verifiable aggregate signatures that enable efficient verification: given a short aggregate signature σ (corresponding to a set M of N messages), the verifier can check whether a particular message m is in the set, in time independent of N",3,"a,b","CNP,1-BLK,6-BLK,AUT"
Rex Fernando et al.: Maliciously Secure Massively Parallel Computation for All-but-One Corruptions. (2022),2022,,,,,
Dan Boneh and Chelsea Komlo: Threshold Signatures with Private Accountability. (2022),2022,,,,,
Ran Canetti et al.: Universally Composable End-to-End Secure Messaging. (2022),2022,2,construction and analysis of the Signal end-to-end secure messaging protocol within the Universal Composability (UC) framework,4,c ,MSG
Rahul Rachuri and Peter Scholl: Le Mans: Dynamic and Fluid MPC for Dishonest Majority. (2022),2022,,,,,
Rafaël del Pino and Shuichi Katsumata: A New Framework for More Efficient Round-Optimal Lattice-Based (Partially) Blind Signature via Trapdoor Sampling. (2022),2022,,,,,
Hanjun Li and Tianren Liu: How to Garble Mixed Circuits that Combine Boolean and Arithmetic Computations. (2024),2024,,,,,
Gianluca Brian et al.: From Random Probing to Noisy Leakages Without Field-Size Dependence. (2024),2024,2,"In this work, we give a generic transformation from ε-random probing to δ-average probing, with δ ≈ ε2, which avoids this loss of |F|",1,b,CRY
Gilad Asharov and Anirudh Chandramouli: Perfect (Parallel) Broadcast in Constant Expected Rounds via Statistical VSS. (2024),2024,1,This paper presents a perfectly secure broadcast protocol with expected constant rounds and communication complexity of O(nL) plus expected O(n3 log2 n) bits.,1,"a,b",CRY
Giovanni Deligios and Mose Mizrahi Erbes: Closing the Efficiency Gap Between Synchronous and Network-Agnostic Consensus. (2024),2024,1,"""In this work, we introduce a novel technique to compile any synchronous and any asynchronous consensus protocols into a network-agnostic one. This process only incurs a small constant number of overhead rounds, so that the compiled protocol matches the optimal round complexity for synchronous protocols. Our compiler also preserves under a variety of assumptions the asymptotic communication complexity of state-of-the-art synchronous and asynchronous protocols. Hence, it closes the current efficiency gap between synchronous and network-agnostic consensus.""",1,a,CRY
Paul Gerhart et al.: Foundations of Adaptor Signatures. (2024),2024,,,,,
Orr Dunkelman et al.: Partial Sums Meet FFT: Improved Attack on 6-Round AES. (2024),2024,2,"In this paper we show that the partial sums technique can be combined with an FFT-based technique, to get the best of the two worlds. Using our combined technique, we obtain an attack on 6-round AES with complexity of about 246.4 additions.",1,"a,b",CRY
"Gorjan Alagic et al.: Post-quantum Security of Tweakable Even-Mansour, and Applications. (2024)",2024,,,,,
Guilhem Mureau et al.: Cryptanalysis of Rank-2 Module-LIP in Totally Real Number Fields. (2024),2024,,,,,
Muhammed F. Esgin et al.: Plover: Masking-Friendly Hash-and-Sign Lattice Signatures. (2024),2024,,,,,
Paul Lou et al.: Witness Semantic Security. (2024),2024,,,,,
Hanlin Liu et al.: The Hardness of LPN over Any Integer Ring and Field for PCG Applications. (2024),2024,,,,,
Helger Lipmaa et al.: Constant-Size zk-SNARKs in ROM from Falsifiable Assumptions. (2024),2024,,,,,
Hemanta K. Maji et al.: Constructing Leakage-Resilient Shamir's Secret Sharing: Over Composite Order Fields. (2024),2024,1,This work investigates how to instantiate Shamir’s secret sharing so that the physical probes into its shares reveal statistically insignificant information about the secret.,3,a,"NIST,HWM"
Maya Farber Brodsky et al.: Monotone-Policy Aggregate Signatures. (2024),2024,,,,,
Hoeteck Wee and David J. Wu: Succinct Functional Commitments for Circuits from k-sfLin. (2024),2024,,,,,
Matthias Johann Steiner: The Complexity of Algebraic Algorithms for LWE. (2024),2024,,,,,
Martin R. Albrecht et al.: SLAP: Succinct Lattice-Based Polynomial Commitments from Standard Assumptions. (2024),2024,,,,,
Martin R. Albrecht et al.: Crypto Dark Matter on the Torus - Oblivious PRFs from Shallow PRFs and TFHE. (2024),2024,,,,,
Fabrice Benhamouda et al.: SPRINT: High-Throughput Robust Distributed Schnorr Signatures. (2024),2024,1," robust high-throughput threshold protocols for generating Schnorr signatures
in an asynchronous setting with potentially hundreds of parties. The protocols run a single
message-independent interactive ephemeral randomness generation procedure (i.e., DKG) followed by non-interactive signature generation for multiple messages, at a communication cost
similar to one execution of a synchronous non-robust protocol in prior work (e.g., Gennaro et
al.) and with a large number of parties (ranging from few tens to hundreds and more).",2,b,1-BLK
Dipayan Das and Antoine Joux: Key Recovery Attack on the Partial Vandermonde Knapsack Problem. (2024),2024,2,"In this paper, we propose an alternative attack on the PV Knapsack problem which provides key recovery for a much larger set of keys. Like the Crypto’22 attack, it is based on lattice reduction and uses a dimension reduction technique to speed-up the underlying lattice reduction algorithm and enhance its performance.",1,"a,b",CRY
Reo Eriguchi et al.: Efficient and Generic Methods to Achieve Active Security in Private Information Retrieval and More Advanced Database Search. (2024),2024,,,,,
Dung Bui et al.: Fast Public-Key Silent OT and More from Constrained Naor-Reingold. (2024),2024,,,,,
Renas Bacho et al.: Twinkle: Threshold Signatures from DDH with Full Adaptive Security. (2024),2024,,,,,
Rafaël Del Pino et al.: Threshold Raccoon: Practical Threshold Signatures from Standard Lattice Assumptions. (2024),2024,,,,,
Emanuele Giunta and Alistair Stewart: Unbiasable Verifiable Random Functions. (2024),2024,,,,,
Erkan Tairi and Akin Ünal: Lower Bounds for Lattice-Based Compact Functional Encryption. (2024),2024,,,,,
"Fabio Banfi et al.: Anamorphic Encryption, Revisited. (2024)",2024,1,"First, in their definition a double key can only be generated once, ... Second, a receiver cannot distinguish whether or not a ciphertext contains a covert message. In this work we propose a new model that overcomes these limitations",3,a,PGTS
Marshall Ball et al.: Non-malleable Codes with Optimal Rate for Poly-Size Circuits. (2024),2024,,,,,
"Fangqi Dong et al.: Laconic Function Evaluation, Functional Encryption and Obfuscation for RAMs with Sublinear Computation. (2024)",2024,1,In this work we introduce LFE for Random-Access Machines (RAM-LFE).,2,c,"DAD,LE"
Pyrros Chaidos et al.: Approximate Lower Bound Arguments. (2024),2024,,,,,
Prabhanjan Ananth et al.: Pseudorandom Isometries. (2024),2024,,,,,
Pierrick Dartois et al.: SQIsignHD: New Dimensions in Cryptography. (2024),2024,1,"We introduce SQIsignHD, a new post-quantum digital signature scheme inspired by SQIsign.",1,"a,b","CRY,PQC"
Pierre Briaud et al.: Practical Attack on All Parameters of the DME Signature Scheme. (2024),2024,2,"""This paper presents an efficient attack on the version of DME submitted to the NIST competition [9]. At a very high level, we show that the added constraints which lead to a compact public key also induce a weakness for this construction.""",4,b,NIST
Pedro Branco et al.: Two-Round Maliciously-Secure Oblivious Transfer with Optimal Rate. (2024),2024,,,,,
Georg Fuchsbauer and Mathias Wolf: Concurrently Secure Blind Schnorr Signatures. (2024),2024,,,,,
Julian Loss and Jesper Buus Nielsen: Early Stopping for Any Number of Corruptions. (2024),2024,,,,,
Jiaxin Pan and Benedikt Wagner: Toothpicks: More Efficient Fork-Free Two-Round Multi-signatures. (2024),2024,,,,,
Jiaxin Pan et al.: Key Exchange with Tight (Full) Forward Secrecy via Key Confirmation. (2024),2024,,,,,
"Joël Alwen et al.: Updatable Public-Key Encryption, Revisited. (2024)",2024,,,,,
Luca De Feo et al.: Isogeny Problems with Level Structure. (2024),2024,,,,,
Lorenzo Grassi et al.: Generalized Feistel Ciphers for Efficient Prime Field Masking. (2024),2024,1,"we start by describing the FPM (Feistel for Prime Masking) family of tweakable block ciphers based on a generalized Feistel structure. We then propose a first instantiation of FPM, which we denote as small-pSquare. It builds on the recent observation that the square operation (which is non-linear in Fp) can lead to masked gadgets that are more efficient than those for multiplication, and is tailored for efficient masked implementations in hardware. We analyze the mathematical security of the FPM family of ciphers and the small-pSquare instance, trying to isolate the parts of our study that can be re-used for other instances. We additionally evaluate the implementation features of small-pSquare by comparing the efficiency vs. security tradeoff of masked FPGA circuits against those of a state-of-the art binary cipher, namely SKINNY, confirming significant gains in relevant contexts.",3,a,NIST
Joseph Jaeger et al.: Symmetric Signcryption and E2EE Group Messaging in Keybase. (2024),2024,,,,,
Juan A. Garay et al.: Proof-of-Work-Based Consensus in Expected-Constant Time. (2024),2024,,,,,
Jiahui He et al.: Massive Superpoly Recovery with a Meet-in-the-Middle Framework - Improved Cube Attacks on Trivium and Kreyvium. (2024),2024,2,"In this paper, we provide new insights into CMP by elucidating the algebraic meaning to the core monomial trails.",1,"a,b",CRY
Ling Song et al.: Probabilistic Extensions: A One-Step Framework for Finding Rectangle Attacks and Beyond. (2024),2024,,,,,
Liam Eagen et al.: Bulletproofs++: Next Generation Confidential Transactions via Reciprocal Set Membership Arguments. (2024),2024,1,"""In this work, we introduce Bulletproofs++ (BP++), a drop-in replacement for BP that improves its concrete efficiency and compactness significantly. As for BP, the security of BP++ relies only on the hardness of the discrete logarithm problem in the random oracle model, and BP++ retains all features of Bulletproofs including transparent setup and support for proof aggregation, multi-party proving and batch verification. Asymptotically, BP++ range proofs require only O(n/ log n) group scalar multiplications compared to O(n) for BP and BP+.""",3,b,"1-BLK,6-BLK"
Kai-Min Chung et al.: Best-of-Both-Worlds Multiparty Quantum Computation with Publicly Verifiable Identifiable Abort. (2024),2024,,,,,
Léo Ducas et al.: Asymptotics and Improvements of Sieving for Codes. (2024),2024,2,"First we provide an asymptotic analysis which is not present in the original paper. Second, we propose a more systematic use of known NNS machinery, namely Locality Sensitive Hashing and Filtering (LSH/F), an approach that has been applied very successfully in the case of sieving over lattices.",1,"a,b",CRY
Khue Do et al.: M&M'S: Mix and Match Attacks on Schnorr-Type Blind Signatures with Repetition. (2024),2024,,,,,
Keita Xagawa: Signatures with Memory-Tight Security in the Quantum Random Oracle Model. (2024),2024,2,This paper studies the memory-tight reductions for post-quantum signature schemes in the quantum random oracle model.,1,b,CRY
Kelsey A. Jackson et al.: Evaluating the Security of CRYSTALS-Dilithium in the Quantum Random Oracle Model. (2024),2024,2,we provide the first proof of the hardness of SelfTargetMSIS via a reduction from MLWE in the Quantum Random Oracle Model (QROM).,3,a,"NIST,PQC"
"Kévin Carrier et al.: Reduction from Sparse LPN to LPN, Dual Attack 3.0. (2024)",2024,1,new reduction between types of cryptographic hardness assumptions,1,a,CRY
Ignacio Cascudo and Bernardo David: Publicly Verifiable Secret Sharing Over Class Groups and Applications to DKG and YOSO. (2024),2024,,,,,
Isaac Andrés Canales Martinez et al.: Polynomial Time Cryptanalytic Extraction of Neural Network Models. (2024),2024,,,,,
Itai Dinur: Tight Indistinguishability Bounds for the XOR of Independent Random Permutations by Fourier Analysis. (2024),2024,2,"we prove an indistinguishability bound of q/2(r−0.5)n for the (generalized) XoP construction in the single-user setting, and a  bound of √uqmax/2(r−0.5)n in the multi-user setting.",1,"a,b",CRY
Mark Manulis and Jérôme Nguyen: Fully Homomorphic Encryption Beyond IND-CCA1 Security: Integrity Through Verifiability. (2024),2024,1,We focus on the problem of constructing fully homomorphic encryption (FHE) schemes that achieve some meaningful notion of adaptive chosen-ciphertext security beyond CCA1.,2,a,"ML,CC,DAD"
Ittai Abraham et al.: Perfect Asynchronous MPC with Linear Communication Overhead. (2024),2024,,,,,
Maria Corte-Real Santos et al.: AprèsSQI: Extra Fast Verification for SQIsign Using Extension-Field Signing. (2024),2024,,,,,
James Bartusek et al.: Software with Certified Deletion. (2024),2024,,,,,
Ziqi Zhu et al.: Registered Functional Encryptions from Pairings. (2024),2024,,,,,
Jens Groth and Victor Shoup: Fast Batched Asynchronous Distributed Key Generation. (2024),2024,,,,,
Jesko Dujmovic and Mohammad Hajiabadi: Lower-Bounds on Public-Key Operations in PIR. (2024),2024,,,,,
Jesko Dujmovic et al.: Time-Lock Puzzles with Efficient Batch Solving. (2024),2024,,,,,
"Taiga Hiroka et al.: Certified Everlasting Secure Collusion-Resistant Functional Encryption, and More. (2024)",2024,1,We study certified everlasting secure functional encryption (FE) and many other cryptographic primitives in this work.,3,a,CRY
Christina Boura et al.: A Generic Algorithm for Efficient Key Recovery in Differential Attacks - and its Associated Tool. (2024),2024,2,"In this work, we propose a new algorithm and its associated tool that permits, given a distinguisher, to output an efficient key guessing strategy. Our tool can be applied to SPN ciphers whose linear layer consists of a bit-permutation and whose key schedule is linear or almost linear. It can be used not only to help cryptanalysts find the best differential attack on a given cipher but also to assist designers in their security analysis.",2,a,CRY
Si Gao and Elisabeth Oswald: A Novel Framework for Explainable Leakage Assessment. (2024),2024,,,,,
Chen-Da Liu-Zhang et al.: Asymptotically Optimal Message Dissemination with Applications to Blockchains. (2024),2024,,,,,
Youngjin Bae et al.: Bootstrapping Bits with CKKS. (2024),2024,,,,,
Amaury Pouly and Yixin Shen: Provable Dual Attacks on Learning with Errors. (2024),2024,,,,,
You Lyu et al.: Universal Composable Password Authenticated Key Exchange for the Post-Quantum World. (2024),2024,,,,,
Anand Kumar Narayanan et al.: Algorithms for Matrix Code and Alternating Trilinear Form Equivalences via New Isomorphism Invariants. (2024),2024,1,new algorithms for MCE and ATFE,2,a,"NIST,PQC"
Changrui Mu et al.: Strong Batching for Non-interactive Statistical Zero-Knowledge. (2024),2024,,,,,
Cas Cremers et al.: A Holistic Security Analysis of Monero Transactions. (2024),2024,,,,,
Carmit Hazay and Yibin Yang: Toward Malicious Constant-Rate 2PC via Arithmetic Garbling. (2024),2024,,,,,
Yingxin Li et al.: New Records in Collision Attacks on SHA-2. (2024),2024,1,"""Due to its complex design compared with SHA-1, there is almost no progress in collision attacks on SHA-2 after ASIACRYPT 2015. In this work, we retake this challenge and aim to significantly improve collision attacks on the SHA-2 family.""",1,b,CRY
Sven Schäge: New Limits of Provable Security and Applications to ElGamal Encryption. (2024),2024,2,We provide new results showing that ElGamal encryption cannot be proven CCA1-secure – a long-standing open problem in cryptography.,1,"a,b",CRY
Srinath T. V. Setty et al.: Unlocking the Lookup Singularity with Lasso. (2024),2024,,,,,
Thiago Bergamaschi: Pauli Manipulation Detection Codes and Applications to Quantum Communication over Adversarial Channels. (2024),2024,1,"We introduce and explicitly construct a quantum errordetection code we coin a “Pauli Manipulation Detection” code (or PMD), which detects every Pauli error with high probability.",2,a,"PQC,CRY"
Antonio Flórez-Gutiérrez and Yosuke Todo: Improving Linear Key Recovery Attacks Using Walsh Spectrum Puncturing. (2024),2024,,,,,
Arasu Arun et al.: Jolt: SNARKs for Virtual Machines via Lookups. (2024),2024,,,,,
Aron van Baarsen and Sihang Pu: Fuzzy Private Set Intersection with Large Hyperballs. (2024),2024,1,"This work presents the first black-box construction for fuzzy PSI (including other variants such as PSI cardinality, labeled PSI, and circuit PSI), which can handle polynomially large radius and dimension (i.e., a potentially exponentially large volume) in two interaction messages, supporting general Lp∈[1,∞] distance, without relying on garbled circuits or FHE.",2,"b,c","PH,RS,AUT,BMD,MSG,PWD,LOC,DLD"
Ashrujit Ghoshal et al.: Efficient Pre-processing PIR Without Public-Key Cryptography. (2024),2024,1,"we show that assuming the existence of one-way functions, we can construct a two-server preprocessing PIR scheme with O ̃(n1/4) bandwidth and O ̃(n1/2) computation per query, while requiring only O ̃(n1/2) client storage.",3,b,"CNP,MSG,WEB,6-BLK"
Yassine Hamoudi et al.: The NISQ Complexity of Collision Finding. (2024),2024,,,,,
"Ashwin Jha et al.: Tight Security of TNT and Beyond - Attacks, Proofs and Possibilities for the Cascaded LRW Paradigm. (2024)",2024,,,,,
Yao-Ching Hsieh et al.: A General Framework for Lattice-Based ABE Using Evasive Inner-Product Functional Encryption. (2024),2024,,,,,
Aurel Page and Benjamin Wesolowski: The Supersingular Endomorphism Ring and One Endomorphism Problems are Equivalent. (2024),2024,,,,,
Benedikt Auerbach et al.: Trapdoor Memory-Hard Functions. (2024),2024,,,,,
Bar Alon et al.: Can Alice and Bob Guarantee Output to Carol? (2024),2024,,,,,
Yanyi Liu and Rafael Pass: A Direct PRF Construction from Kolmogorov Complexity. (2024),2024,,,,,
Shihe Ma et al.: Accelerating BGV Bootstrapping for Large p Using Null Polynomials over $\mathbb {Z}_{p^e}$. (2024),2024,2,we propose optimizations for the digit removal procedure with large p by leveraging the properties of null polynomials over the ring Zpe .,1,"a,b",CRY
Shany Ben-David: Probabilistically Checkable Arguments for All NP. (2024),2024,1,a publicly-verifiable succinct PCA with constant query complexity for all NP in the adaptive security setting,1,a,CRY
Shan Chen and Marc Fischlin: Integrating Causality in Messaging Channels. (2024),2024,1,"Until now, for messaging channels (where conversations take place), both the proper causality model and the provably secure constructions have been left open. Our work fills this gap, with the goal to facilitate the formal understanding of causality preservation in messaging.",4,c,MSG
Sebastian Faust et al.: Connecting Leakage-Resilient Secret Sharing to Practice: Scaling Trends and Physical Dependencies of Prime Field Masking. (2024),2024,,,,,
Zahra Ahmadian et al.: Improved Differential Meet-in-the-Middle Cryptanalysis. (2024),2024,,,,,
Yusuke Naito et al.: The Exact Multi-user Security of (Tweakable) Key Alternating Ciphers with a Single Permutation. (2024),2024,,,,,
Damiano Abram et al.: Succinct Homomorphic Secret Sharing. (2024),2024,,,,,
Damiano Abram et al.: Constant-Round Simulation-Secure Coin Tossing Extension with Guaranteed Output. (2024),2024,1,"""We prove that statistical CTE with full black-box security and superlogarithmic stretch must have superconstant rounds.""",1,"a,b",CRY
Dario Catalano et al.: Anamorphic Encryption: New Constructions and Homomorphic Realizations. (2024),2024,,,,,
Shiyao Chen et al.: Diving Deep into the Preimage Security of AES-Like Hashing. (2024),2024,,,,,
Yuval Ishai and Yifan Song: Leakage-Tolerant Circuits. (2024),2024,1,"a systematic study of leakage-tolerant circuits for natural classes L of global leakage functions,s a general construction of LTCs for depth-1 leakage,
establishing the first feasibility result for leakage-tolerance with respect to nontrivial global leakage classes. ",1,a,CRY
Ruida Wang et al.: Circuit Bootstrapping: Faster and Smaller. (2024),2024,,,,,
"Cody Freitag et al.: Public-Coin, Complexity-Preserving, Succinct Arguments of Knowledge for NP from Collision-Resistance. (2024)",2024,,,,,
David Heath et al.: Garbled Circuit Lookup Tables with Logarithmic Number of Ciphertexts. (2024),2024,,,,,
David Heath: Efficient Arithmetic in Garbled Circuits. (2024),2024,,,,,
"Aggelos Kiayias et al.: Ordering Transactions with Bounded Unfairness: Definitions, Complexity and Constructions. (2024)",2024,3,x,x,x,
Aarushi Goel et al.: Speed-Stacking: Fast Sublinear Zero-Knowledge Proofs for Disjunctions. (2023),2023,,,,,
Aayush Jain et al.: On the Optimal Succinctness and Efficiency of Functional Encryption and Attribute-Based Encryption. (2023),2023,,,,,
Aayush Jain et al.: Polynomial-Time Cryptanalysis of the Subspace Flooding Assumption for Post-quantum i풪. (2023),2023,,,,,
Abtin Afshar et al.: Fine-Grained Non-interactive Key-Exchange: Constructions and Lower Bounds. (2023),2023,1,"f K-NIKE protocols in the fine-grained setting, in which there is a polynomial gap between the running time of the honest parties and that of the adversary. Our goal is to show the possibility, or impossibility, of basing such protocols on weaker assumptions than those of K-NIKE for K ≥ 3",1,b,CRY
Akin Ünal: Worst-Case Subexponential Attacks on PRGs of Constant Degree or Constant Locality. (2023),2023,2,"In this work, we will give new attacks on the pseudorandomness of algebraic pseudorandom number generators (PRGs) of polynomial stretch.",1,"a,b",CRY
Amit Agarwal et al.: A New Framework for Quantum Oblivious Transfer. (2023),2023,,,,,
Andre Esser and Floyd Zweydinger: New Time-Memory Trade-Offs for Subset Sum - Improving ISD in Theory and Practice. (2023),2023,,,,,
Andrea Basso et al.: Supersingular Curves You Can Trust. (2023),2023,,,,,
Andrew Park et al.: NanoGRAM: Garbled RAM with $\widetilde{O}(\log N)$ Overhead. (2023),2023,,,,,
Augustin Bariant and Gaëtan Leurent: Truncated Boomerang Attacks and Application to AES-Based Ciphers. (2023),2023,,,,,
Baptiste Lambin et al.: Pitfalls and Shortcomings for Decompositions and Alignment. (2023),2023,,,,,
Benny Applebaum and Niv Konstantini: Actively Secure Arithmetic Computation and VOLE with Constant Computational Overhead. (2023),2023,,,,,
Benoît Cogliati et al.: Proof of Mirror Theory for a Wide Range of $\xi _{\max }$. (2023),2023,,,,,
Binyi Chen et al.: HyperPlonk: Plonk with Linear-Time Prover and High-Degree Custom Gates. (2023),2023,1,"""We present HyperPlonk, an adaptation of Plonk to the boolean hypercube, using multilinear polynomial commitments. HyperPlonk retains the flexibility of Plonk but provides several additional benefits. First, it avoids the need for an FFT during proof generation. Second, and more importantly, it supports custom gates of much higher degree than Plonk without harming the running time of the prover.""",1,"a,b",CRY
Bruno Freitas Dos Santos et al.: Randomized Half-Ideal Cipher on Groups with Applications to UC (a)PAKE. (2023),2023,,,,,
Carlos Aguilar Melchor et al.: The Return of the SDitH. (2023),2023,1,This paper presents a code-based signature scheme based on the well-known syndrome decoding (SD) problem.,2,b,"ML,VOT,NIST,PQC,AUT"
Chaya Ganesh et al.: Witness-Succinct Universally-Composable SNARKs. (2023),2023,1,"In this paper, we provide a compiler lifting any simulation-extractable NIZKAoK into a UC-secure one in the global random oracle model, importantly, while preserving the same level of witness succinctness.",2,"a,b","6-BLK
"
Christina Boura et al.: Better Steady than Speedy: Full Break of SPEEDY-7-192. (2023),2023,,,,,
Chun Guo et al.: Impossibility of Indifferentiable Iterated Blockciphers from 3 or Less Primitive Calls. (2023),2023,,,,,
Cody Freitag et al.: Optimal Security for Keyed Hash Functions: Avoiding Time-Space Tradeoffs for Finding Collisions. (2023),2023,,,,,
Damien Robert: Breaking SIDH in Polynomial Time. (2023),2023,,,,,
Dan Boneh et al.: A Lower Bound on the Length of Signatures Based on Group Actions and Generic Isogenies. (2023),2023,,,,,
Daniel Escudero et al.: SuperPack: Dishonest Majority MPC with Constant Online Communication. (2023),2023,1,"In this work we present a novel actively secure dishonest majority MPC protocol, SuperPack, whose efficiency improves as the number of honest parties increases.",1,b,CRY
Danilo Francati et al.: Multi-key and Multi-input Predicate Encryption from Learning with Errors. (2023),2023,1,"We put forward two natural generalizations of predicate encryption (PE), dubbed multi-key and multi-input PE.",2,"a,b",DAD
Danping Shi et al.: Exploiting Non-full Key Additions: Full-Fledged Automatic Demirci-Selçuk Meet-in-the-Middle Cryptanalysis of SKINNY. (2023),2023,,,,,
Dipayan Das and Antoine Joux: On the Hardness of the Finite Field Isomorphism Problem. (2023),2023,,,,,
Elette Boyle et al.: Oblivious Transfer with Constant Computational Overhead. (2023),2023,,,,,
Elette Boyle et al.: Sublinear-Communication Secure Multiparty Computation Does Not Require FHE. (2023),2023,,,,,
Eliana Carozza et al.: Short Signatures from Regular Syndrome Decoding in the Head. (2023),2023,,,,,
Feng-Hao Liu and Han Wang: Batch Bootstrapping I: - A New Framework for SIMD Bootstrapping in Polynomial Modulus. (2023),2023,1,"we develop substantial algebraic techniques in two papers. Particularly, the first one (this work) proposes a new mathematical framework for batch homomorphic computation that is compatible with the existing bootstrapping methods of AP14/FHEW/TFHE.",2,b,CRY
Feng-Hao Liu and Han Wang: Batch Bootstrapping II: - Bootstrapping in Polynomial Modulus only Requires Õ(1) FHE Multiplications in Amortization. (2023),2023,,,,,
Fukang Liu et al.: Coefficient Grouping: Breaking Chaghri and More. (2023),2023,,,,,
Geoffroy Couteau et al.: Constrained Pseudorandom Functions from Homomorphic Secret Sharing. (2023),2023,,,,,
Giuseppe Persiano and Kevin Yeo: Lower Bound Framework for Differentially Private and Oblivious Data Structures. (2023),2023,,,,,
Gustavo Banegas et al.: Disorientation Faults in CSIDH. (2023),2023,,,,,
Hamza Abusalah and Valerio Cini: An Incremental PoSW for General Weight Distributions. (2023),2023,1,"""In this work, we construct an iPoSW scheme based on the skiplist-based PoSW scheme of Abusalah et al. and prove its security in the random oracle model by employing the powerful on-the-fly sampling technique of Do ̈ttling et al.""",1,a,CRY
Henri Gilbert et al.: Generic Attack on Duplex-Based AEAD Modes Using Random Function Statistics. (2023),2023,,,,,
"Hoeteck Wee and David J. Wu: Succinct Vector, Polynomial, and Functional Commitments from Lattices. (2023)",2023,,,,,
Hongrui Cui et al.: Actively Secure Half-Gates with Minimum Overhead Under Duplex Networks. (2023),2023,,,,,
"Hosein Hadipour et al.: Finding the Impossible: Automated Search for Full Impossible-Differential, Zero-Correlation, and Integral Attacks. (2023)",2023,1,"A new CP-based method to search for ID, ZC, and integral distinguishers and extend it to a unified constraint optimization problem for finding full ID, ZC, and integral attacks.",1,a,CRY
Huck Bennett et al.: Just How Hard Are Rotations of $\mathbb {Z}^n$? Algorithms and Cryptography with the Simplest Lattice. (2023),2023,1,"""We study the computational problem of finding a shortest non-zero vector in a rotation of Zn, which we call ZSVP. It has been a long-standing open problem to determine if a polynomial-time algorithm for ZSVP exists, and there is by now a beautiful line of work showing how to solve it efficiently in certain very special cases.""",1,a,CRY
Itai Dinur et al.: Efficient Detection of High Probability Statistical Properties of Cryptosystems via Surrogate Differentiation. (2023),2023,,,,,
Itai Dinur et al.: On Differential Privacy and Adaptive Data Analysis with Bounded Space. (2023),2023,,,,,
"Ittai Abraham et al.: Detect, Pack and Batch: Perfectly-Secure MPC with Linear Communication and Constant Expected Time. (2023)",2023,,,,,
Ivan Damgård et al.: Minimizing Setup in Broadcast-Optimal Two Round MPC. (2023),2023,,,,,
James Bartusek et al.: End-to-End Secure Messaging with Traceability Only for Illegal Content. (2023),2023,,,,,
Jan-Pieter D'Anvers: One-Hot Conversion: Towards Faster Table-Based A2B Conversion. (2023),2023,,,,,
"Jiahui Liu et al.: Another Round of Breaking and Making Quantum Money: - How to Not Build It from Lattices, and More. (2023)",2023,,,,,
Jiaxin Pan and Benedikt Wagner: Chopsticks: Fork-Free Two-Round Multi-signatures from Non-interactive Assumptions. (2023),2023,,,,,
Joseph Jaeger: Let Attackers Program Ideal Models: Modularity and Composability for Adaptive Compromise. (2023),2023,1,We show that the adaptive compromise security definitions of Jaeger and Tyagi (Crypto ’20) cannot be applied in several natural usecases. We provide new variants of the definitions and show that they resolve these issues with composition.,1,"a,b",CRY
Julia Hesse et al.: Password-Authenticated TLS via OPAQUE and Post-Handshake Authentication. (2023),2023,,,,,
Junichi Tomida: Unbounded Quadratic Functional Encryption and More from Pairings. (2023),2023,,,,,
Junqing Gong et al.: Traitor Tracing with N<sup>1/3</sup>-Size Ciphertexts and O(1)-Size Keys from k-Lin. (2023),2023,,,,,
Junzuo Lai et al.: Asymmetric Group Message Franking: Definitions and Constructions. (2023),2023,,,,,
Kai-Min Chung et al.: Black-Box Separations for Non-interactive Classical Commitments in a Quantum World. (2023),2023,,,,,
Kevin Yeo: Lower Bounds for (Batch) PIR with Private Preprocessing. (2023),2023,,,,,
"Leo de Castro and Chris Peikert: Functional Commitments for All Functions, with Transparent Setup and from SIS. (2023)",2023,,,,,
"Léonard Assouline and Brice Minaud: Weighted Oblivious RAM, with Applications to Searchable Symmetric Encryption. (2023)",2023,,,,,
Lingyue Qin et al.: Meet-in-the-Middle Preimage Attacks on Sponge-Based Hashing. (2023),2023,2,"We apply the birthday-paradox based MitM attack∗, which has been widely used to attack Merkle-Damg ̊ard [51,17] hashing with PGV modes as well as block ciphers, to the sponge-based hash functions. Additionally, by applying bit conditions, the diffusion of the two neutral sets can be controlled and reduced, and therefore lead to longer MitM characteristics. Finally, we propose a generic MitM framework with conditions for sponge-based hash functions.",1,a,CRY
Loïc Masure et al.: Effective and Efficient Masking with Low Noise Using Small-Mersenne-Prime Ciphers. (2023),2023,,,,,
Lorenzo Grassi et al.: From Farfalle to Megafono via Ciminion: The PRF Hydra for MPC Applications. (2023),2023,1,"we present a novel primitive in symmetric cryptography called Megafono. Megafono is a keyed extendable PRF, expanding a fixed-length input to an arbitrary-length output.",3,b,"ML,CNP,AUC,DAD,AUT"
Luca De Feo et al.: New Algorithms for the Deuring Correspondence - Towards Practical and Secure SQISign Signatures. (2023),2023,1,new algorithm to translate ideals of prime-power norm to their corresponding isogenies — a central task of the effective Deuring correspondence,1,a,"CRY,PQC"
Luciano Maino et al.: A Direct Key Recovery Attack on SIDH. (2023),2023,,,,,
Lucjan Hanzlik et al.: Rai-Choo! Evolving Blind Signatures to the Next Level. (2023),2023,,,,,
Lucjan Hanzlik: Non-interactive Blind Signatures for Random Messages. (2023),2023,,,,,
Markulf Kohlweiss et al.: Privacy-Preserving Blueprints. (2023),2023,1,"They introduce an updatable privacy-preserving blueprint schemes (UPPB), which enhance the original notion with the ability for multiple users to non-interactively update the private user input x while blueprinting",3,a,"AUT,GVE,CUR"
Marshall Ball et al.: New Ways to Garble Arithmetic Circuits. (2023),2023,,,,,
Martin R. Albrecht et al.: Caveat Implementor! Key Recovery Attacks on MEGA. (2023),2023,2,We analyse these new sanity checks and show how they themselves can be exploited to mount novel attacks on MEGA that recover a target user’s RSA private key with only slightly higher attack complexity than the original attacks.,4,c,"DAD,ML"
Mathias Hall-Andersen and Jesper Buus Nielsen: On Valiant's Conjecture - Impossibility of Incrementally Verifiable Computation from Random Oracles. (2023),2023,,,,,
Megan Chen et al.: Proof-Carrying Data from Arithmetized Random Oracles. (2023),2023,,,,,
Mingxun Zhou et al.: A Theory of Composition for Differential Obliviousness. (2023),2023,1,"we are the first to explore a theory of composition for differentially oblivious algorithms. We propose a refinement of the DO notion called (ε, δ)-neighbor-preserving-DO, or (ε, δ)-NPDO",3,a,"DDC,CC,1-BLK,MSG,HWM"
Mingxun Zhou et al.: Optimal Single-Server Private Information Retrieval. (2023),2023,,,,,
Minki Hhan et al.: From the Hardness of Detecting Superpositions to Cryptography: Quantum Public Key Encryption and Commitments. (2023),2023,,,,,
Nico Döttling et al.: Efficient Laconic Cryptography from Learning with Errors. (2023),2023,,,,,
Nils Fleischhacker et al.: How to Compress Encrypted Data. (2023),2023,1,"An algo for the task of obliviously compressing a vector comprised of n ciphertexts of size ξ bits each, where at most t of the corresponding plaintexts are non-zero",1,b,CRY
Paul Rösler et al.: Unique-Path Identity Based Encryption with Applications to Strongly Secure Messaging. (2023),2023,1,they build bounded-depth UPIBE from only bounded-collusion IBE in the standard model; and we generically build adaptive unbounded-depth UPIBE from only selective bounded depth HIBE in the random oracle model. (It is basically some way of improving efficiency in public key messaging,2,a,MSG
Pierre Briaud and Morten Øygarden: A New Algebraic Approach to the Regular Syndrome Decoding Problem and Implications for PCG Constructions. (2023),2023,2,We present the first algebraic attack on RSD.,1,"a,b",CRY
Pratish Datta et al.: Fully Adaptive Decentralized Multi-Authority ABE. (2023),2023,,,,,
Qipeng Liu: Non-uniformity and Quantum Advice in the Quantum Random Oracle Model. (2023),2023,,,,,
Quang Dao and Paul Grubbs: Spartan and Bulletproofs are Simulation-Extractable (for Free!). (2023),2023,1,"prove that two transparent, discrete-logbased zkSNARKs, Spartan and Bulletproofs, are simulation-extractable (SIM-EXT) in the random oracle model if the discrete logarithm assumption holds in the underlying group.",2,a,"6-BLK,VOT"
Rachit Garg et al.: On Non-uniform Security for Black-Box Non-interactive CCA Commitments. (2023),2023,,,,,
Rex Fernando et al.: Maliciously-Secure MrNISC in the Plain Model. (2023),2023,1,Our main result is the first maliciously secure SPS MrNISC in the plain model.,1,b,CRY
Robin Geelen et al.: On Polynomial Functions Modulo p<sup>e</sup> and Faster Bootstrapping for Homomorphic Encryption. (2023),2023,,,,,
Rupeng Yang: Privately Puncturing PRFs from Lattices: Adaptive Security and Collusion Resistant Pseudorandomness. (2023),2023,,,,,
"Sanketh Menda et al.: Context Discovery and Commitment Attacks - How to Break CCM, EAX, SIV, and More. (2023)",2023,,,,,
Shiduo Zhang et al.: Improved Power Analysis Attacks on Falcon. (2023),2023,,,,,
Shuai Han et al.: Almost Tight Multi-user Security Under Adaptive Corruptions & Leakages in the Standard Model. (2023),2023,,,,,
"Shweta Agrawal et al.: Broadcast, Trace and Revoke with Optimal Parameters from Polynomial Hardness. (2023)",2023,,,,,
Shweta Agrawal et al.: Public Key Encryption with Secure Key Leasing. (2023),2023,1,"the notion of public key encryption with secure key leasing (PKE-SKL). Our notion supports the leasing of decryption keys so that a leased key achieves the decryption functionality but comes with the guarantee that if the quantum decryption key returned by a user passes a validity test, then the user has lost the ability to decrypt.",2,b,"PQC,SE"
Stefano Tessaro and Chenzhi Zhu: Revisiting BBS Signatures. (2023),2023,,,,,
Stefano Tessaro and Chenzhi Zhu: Threshold and Multi-signature Schemes from Linear Hash Functions. (2023),2023,,,,,
Susan Hohenberger et al.: Registered Attribute-Based Encryption. (2023),2023,,,,,
Suvradip Chakraborty et al.: Deniable Authentication When Signing Keys Leak. (2023),2023,,,,,
Suvradip Chakraborty et al.: Reverse Firewalls for Oblivious Transfer Extension and Applications to Zero-Knowledge. (2023),2023,,,,,
Tako Boris Fouotsa et al.: M-SIDH and MD-SIDH: Countering SIDH Attacks by Masking Information. (2023),2023,2,"We present a preliminary analysis of the resulting schemes including non-trivial generalizations of prior attacks. Based on this analysis we suggest parameters for our M-SIDH variant with public key sizes of 4434, 7037 and 9750 bytes respectively for NIST security levels 1, 3, 5.",3,a,"PQC,NIST"
Varun Narayanan et al.: Complete Characterization of Broadcast and Pseudo-signatures from Correlations. (2023),2023,1,"we realize pseudo-signatures, which are information theoretic counterparts of digital signatures using which unconditionally secure broadcast may be obtained.",2,c,1-BLK
Wouter Castryck and Thomas Decru: An Efficient Key Recovery Attack on SIDH. (2023),2023,,,,,
Xavier Bonnetain et al.: Finding Many Collisions via Reusable Quantum Walks - Application to Lattice Sieving. (2023),2023,1,a chained quantum walk algorithm to solve the multiple collision search problem,1,"a,b","PQC,CRY"
Xiaojie Guo et al.: Half-Tree: Halving the Cost of Tree Expansion in COT and DPF. (2023),2023,,,,,
Xinyu Mao et al.: Non-adaptive Universal One-Way Hash Functions from Arbitrary One-Way Functions. (2023),2023,1,we give the first non-adaptive construction of universal one-way hash functions (UOWHFs) from arbitrary one-way functions.,1,"a,b",CRY
Yael Tauman Kalai et al.: SNARGs and PPAD Hardness from the Decisional Diffie-Hellman Assumption. (2023),2023,,,,,
Yevgeniy Dodis et al.: End-to-End Encrypted Zoom Meetings: Proving Security and Strengthening Liveness. (2023),2023,1,"first formal security analysis of zoom E2EE service (modeling & proof), suggestions to improve service that have been pushed to production",4,"a,b,c",MSG
"Yevgeniy Dodis et al.: Speak Much, Remember Little: Cryptography in the Bounded Storage Model, Revisited. (2023)",2023,,,,,
"Yongwoo Lee et al.: Efficient FHEW Bootstrapping with Small Evaluation Keys, and Applications to Threshold Homomorphic Encryption. (2023)",2023,,,,,
Yuval Ishai et al.: Black-Box Reusable NISC with Random Oracles. (2023),2023,,,,,
"Zhelei Zhou et al.: Endemic Oblivious Transfer via Random Oracles, Revisited. (2023)",2023,1,We present a new 1-round UC-secure EOT construction in the RO model under the DDH assumption,1,b,CRY
Zhenzhen Bao et al.: XOCB: Beyond-Birthday-Bound Secure Authenticated Encryption Mode with Rate-One Computation. (2023),2023,1,"We present a new block cipher mode of operation for authenticated encryption (AE), dubbed XOCB, that has the following features: ...",1,"a,b",CRY
Zhongyi Zhang et al.: Collision Attacks on Round-Reduced SHA-3 Using Conditional Internal Differentials. (2023),2023,,,,,
Yuval Ishai et al.: Round-Optimal Black-Box Protocol Compilers. (2022),2022,,,,,
Charanjit S. Jutla and Nathan Manohar: Sine Series Approximation of the Mod Function for Bootstrapping of Approximate HE. (2022),2022,,,,,
Stefano Tessaro and Chenzhi Zhu: Short Pairing-Free Blind Signatures with Exponential Security. (2022),2022,1,"the first practical pairing-free three-move blind signature schemes that (1) are concurrently secure, (2) produce short signatures (i.e., three or four group elements/scalars), and (3) are provably secure either in the generic group model (GGM) or the algebraic group model (AGM) under the (plain or one-more) discrete logarithm assumption (beyond additionally assuming random oracles)",2,b,CRY
Keita Xagawa: Anonymity of NIST PQC Round 3 KEMs. (2022),2022,,,,,
Chaya Ganesh et al.: Fiat-Shamir Bulletproofs are Non-Malleable (in the Algebraic Group Model). (2022),2022,,,,,
Yuyu Wang and Jiaxin Pan: Non-Interactive Zero-Knowledge Proofs with Fine-Grained Security. (2022),2022,,,,,
Si Gao et al.: Towards Micro-architectural Leakage Simulators: Reverse Engineering Micro-architectural Leakage Features Is Practical. (2022),2022,,,,,
Chris Brzuska and Geoffroy Couteau: On Building Fine-Grained One-Way Functions from Strong Average-Case Hardness. (2022),2022,,,,,
Si Gao and Elisabeth Oswald: A Novel Completeness Test for Leakage Models and Its Application to Side Channel Attacks and Responsibly Engineered Simulators. (2022),2022,,,,,
Zhen Shi et al.: A Correlation Attack on Full SNOW-V and SNOW-Vi. (2022),2022,,,,,
"Aayush Jain et al.: Indistinguishability Obfuscation from LPN over $\mathbb {F}_p$, DLIN, and PRGs in NC<sup>0</sup>. (2022)",2022,,,,,
Aarushi Goel et al.: Stacking Sigmas: A Framework to Compose $\varSigma $-Protocols for Disjunctions. (2022),2022,,,,,
Aarushi Goel et al.: Secure Multiparty Computation with Free Branching. (2022),2022,,,,,
Vipul Goyal et al.: Private Circuits with Quasilinear Randomness. (2022),2022,1,"""In this work, we improve the best previous asymptotic bound of Coron et al. [CGZ20] by an additional factor of t. Concretely, we show that any function f computed by a Boolean circuit of size s admits a t-private circuit which uses only O(t · log ts) random bits.""",1,"a,b",CRY
Yevgeniy Dodis et al.: Authentication in the Bounded Storage Model. (2022),2022,,,,,
Ashrujit Ghoshal et al.: Hiding in Plain Sight: Memory-Tight Proofs via Randomness Programming. (2022),2022,,,,,
Benjamin Wesolowski: Orientations and the Supersingular Endomorphism Ring Problem. (2022),2022,,,,,
Zvika Brakerski et al.: Batch-OT with Optimal Rate. (2022),2022,,,,,
Xiaoyang Dong et al.: Key Guessing Strategies for Linear Key-Schedule Algorithms in Rectangle Attacks. (2022),2022,2,we build a new rectangle framework on ciphers with linear key-schedule with the purpose of reducing overall complexity or attacking more rounds.,1,a,CRY
Benoît Libert et al.: One-Shot Fiat-Shamir-Based NIZK Arguments of Composite Residuosity and Logarithmic-Size Ring Signatures in the Standard Model. (2022),2022,,,,,
Xavier Bonnetain et al.: Beyond Quadratic Speedups in Quantum Attacks on Symmetric Schemes. (2022),2022,2,"In this paper, we report the first quantum key-recovery attack on a symmetric block cipher design, using classical queries only, with a more than quadratic time speedup compared to the best classical attack.",1,"a,b",CRY
Yilei Chen et al.: Quantum Algorithms for Variants of Average-Case Lattice Problems via Filtering. (2022),2022,1,"We show polynomial-time quantum algorithms for the following problems: SIS, LWE, EDCP.",1,"a,b",CRY
"Ward Beullens et al.: Group Signatures and More from Isogenies and Lattices: Generic, Simple, and Efficient. (2022)",2022,,,,,
Abida Haque et al.: Garbled Circuits with Sublinear Evaluator. (2022),2022,,,,,
Bruno Freitas Dos Santos et al.: Asymmetric PAKE with Low Computation and communication. (2022),2022,1,"In this paper we show two aPAKE protocols (but not strong aPAKEs like [13, 30]), which achieve optimal computational cost and optimal round complexity.",1,"a,b",CRY
Ueli Maurer et al.: Multi-Designated Receiver Signed Public Key Encryption. (2022),2022,,,,,
"Thomas Espitau et al.: Mitaka: A Simpler, Parallelizable, Maskable Variant of Falcon. (2022)",2022,,,,,
Andre Esser et al.: McEliece Needs a Break - Solving McEliece-1284 and Quasi-Cyclic-2918 with Modern ISD. (2022),2022,,,,,
Yongwoo Lee et al.: High-Precision Bootstrapping for Approximate Homomorphic Encryption by Error Variance Minimization. (2022),2022,,,,,
Suvradip Chakraborty et al.: Universally Composable Subversion-Resilient Cryptography. (2022),2022,1,A positive answer to the question: Can we obtain subversion resistance in a composable security framework?,1,a,CRY
Alexander May et al.: Approximate Divisor Multiples - Factoring with Only a Third of the Secret CRT-Exponents. (2022),2022,2,"We address Partial Key Exposure attacks on CRT-RSA on secret exponents dp, dq with small public exponent e.",1,"a,b",CRY
Youssef El Housni and Aurore Guillevic: Families of SNARK-Friendly 2-Chains of Elliptic Curves. (2022),2022,,,,,
Joël Alwen et al.: CoCoA: Concurrent Continuous Group Key Agreement. (2022),2022,,,,,
Michele Ciampi et al.: Round-Optimal Multi-party Computation with Identifiable Abort. (2022),2022,,,,,
Michele Ciampi et al.: Round-Optimal and Communication-Efficient Multiparty Computation. (2022),2022,1,"We provide a round-preserving black-box compiler that compiles a wide class of MPC protocols into circuit-scalable or circuit-independent maliciously secure MPC protocols in the plain model, assuming (succinct) FE combiners.",1,b,CRY
Megan Chen et al.: On Succinct Non-interactive Arguments in Relativized Worlds. (2022),2022,,,,,
Henry Corrigan-Gibbs et al.: Single-Server Private Information Retrieval with Sublinear Amortized Time. (2022),2022,,,,,
Hoeteck Wee: Optimal Broadcast Encryption and CP-ABE from Evasive Lattice Assumptions. (2022),2022,,,,,
Iftach Haitner et al.: Highly Efficient OT-Based Multiplication Protocols. (2022),2022,,,,,
Marcel Nageler et al.: Information-Combining Differential Fault Attacks on DEFAULT. (2022),2022,2,"we show that a DFA adversary can combine information across rounds to recover the full key, invalidating their security claim",1,a,CRY
James Hulett et al.: SNARGs for P from Sub-exponential DDH and QR. (2022),2022,,,,,
Jelle Don et al.: Online-Extractability in the Quantum Random-Oracle Model. (2022),2022,1,a simulator construction that does online extraction for QROM queries,1,b,CRY
Jens Groth and Victor Shoup: On the Security of ECDSA with Additive Key Derivation and Presignatures. (2022),2022,2,proving formal security of ECDSA with additive key derivation,2,c ,6-BLK
Jeremiah Blocki and Seunghoon Lee: On the Multi-user Security of Short Schnorr Signatures with Preprocessing. (2022),2022,1,proofs for short Schnorr signatures in the multiuser setting,2,a,CRY
Jiaxin Guan et al.: Incompressible Cryptography. (2022),2022,1,simple constructions of both incompressible public-key encryption and signatures under minimal assumptions,1,b,CRY
Jincheol Ha et al.: Rubato: Noisy Ciphers for Approximate Homomorphic Encryption. (2022),2022,1,"we propose a family of noisy ciphers, dubbed Rubato, with a novel design strategy of introducing noise to a symmetric cipher of a low algebraic degree.",2,c ,ML
Mihir Bellare and Viet Tung Hoang: Efficient Schemes for Committing Authenticated Encryption. (2022),2022,,,,,
Jonathan Bootle et al.: Gemini: Elastic SNARKs for Diverse Environments. (2022),2022,,,,,
Jonathan Bootle et al.: Zero-Knowledge IOPs with Linear-Time Prover and Polylogarithmic-Time Verifier. (2022),2022,,,,,
Loïs Huguenin-Dumittan and Serge Vaudenay: On IND-qCCA Security in the ROM and Its Applications - CPA Security Is Sufficient for TLS 1.3. (2022),2022,1,We show in this work that IND-qCCA is easily obtained from any passively secure PKE in the (Q)ROM.,2,c,"NIST,PQC,CNP,MSG"
Jung Hee Cheon and Keewoo Lee: Limits of Polynomial Packings for $\mathbb {Z}_{p^k}$ and $\mathbb {F}_{p^k}$. (2022),2022,,,,,
Ling Sun et al.: A Greater GIFT: Strengthening GIFT Against Statistical Cryptanalysis. (2022),2022,2,This paper provides a detailed analysis of GIFT-64 against differential and linear attacks,2,b,CRY
Li Yao et al.: Cryptanalysis of Candidate Obfuscators for Affine Determinant Programs. (2022),2022,2,cryptanalytic attacks on the iO candidate provided by Bartusek et al. ,1,b,CRY
"Léo Ducas and Wessel P. J. van Woerden: On the Lattice Isomorphism Problem, Quadratic Forms, Remarkable Lattices, and Cryptography. (2022)",2022,1,"In this work, we provide generic realizations of this natural idea (independently of the chosen remarkable lattice) by basing cryptography on the lattice isomorphism problem (LIP).",1,"a,b",CRY
Leo de Castro et al.: Asymptotically Quasi-Optimal Cryptography. (2022),2022,1,"In this work, we study the question of obtaining optimal efficiency, up to polylogarithmic factors, for all choices of n and λ, where n is the size of the given task. In particular, when n = λ, we would like the computational cost to be only O ̃(λ). We refer to this goal as asymptotically quasi-optimal (AQO) cryptography.",1,"a,b",CRY
Kai-Min Chung et al.: Constant-Round Blind Classical Verification of Quantum Sampling. (2022),2022,1,protocol for secure quantum sampling,2,c ,"PQC,ML"
"Leo de Castro and Antigoni Polychroniadou: Lightweight, Maliciously Secure Verifiable Function Secret Sharing. (2022)",2022,1,we present a lightweight construction of verifiable two-party function secret sharing (FSS) for point functions and multi-point functions.,2,b,"DAD,PH"
Laasya Bangalore et al.: Adaptively Secure Computation for RAM Programs. (2022),2022,,,,,
"Ke Wu et al.: A Complete Characterization of Game-Theoretically Fair, Multi-Party Coin Toss. (2022)",2022,,,,,
Khin Mi Mi Aung et al.: Field Instruction Multiple Data. (2022),2022,,,,,
Gal Arnon et al.: A PCP Theorem for Interactive Proofs and Applications. (2022),2022,1,"We present a generalization of the PCP theorem for interactive languages. We show that any language decidable by a k(n)-round IP has a k(n)-round public-coin IOP, where the verifier makes its decision by reading only O(1) bits from each (polynomially long) prover message and O(1) bits from each of its own (random) messages to the prove",1,"a,b",CRY
Damiano Abram et al.: Distributed (Correlation) Samplers: How to Remove a Trusted Dealer in One Round. (2022),2022,,,,,
Daniel Rausch et al.: Embedding the UC Model into the IITM Model. (2022),2022,,,,,
Sabyasachi Dey et al.: Revamped Differential-Linear Cryptanalysis on Reduced Round ChaCha. (2022),2022,,,,,
David Heath et al.: EpiGRAM: Practical Garbled RAM. (2022),2022,,,,,
Diana Ghinea et al.: Round-Optimal Byzantine Agreement. (2022),2022,,,,,
Dor Amzaleg and Itai Dinur: Refined Cryptanalysis of the GPRS Ciphers GEA-1 and GEA-2. (2022),2022,,,,,
Ran Cohen et al.: Guaranteed Output in $O(\sqrt{n})$ Rounds for Round-Robin Sampling Protocols. (2022),2022,,,,,
Ran Canetti et al.: COA-Secure Obfuscation and Applications. (2022),2022,1,"We show how to enhance a large class of obfuscation mechanisms to be COA-secure, assuming subexponentially secure IO for circuits and subexponentially secure one-way functions.",2,"a,b",SE
Elette Boyle et al.: Secure Multiparty Computation with Sublinear Preprocessing. (2022),2022,,,,,
Rachit Garg et al.: Dynamic Collusion Bounded Functional Encryption from Identity-Based Encryption. (2022),2022,,,,,
Pratyush Agarwal et al.: Secure Non-interactive Reduction and Spectral Analysis of Correlations. (2022),2022,,,,,
Fuchun Guo and Willy Susilo: Optimal Tightness for Chain-Based Unique Signatures. (2022),2022,1,We show that the proposed chain-based unique signature scheme by Guo et al. must have the reduction loss q1/n for q signature queries when each unique signature consists of n BLS signatures.,1,"a,b",CRY
Fuyuki Kitagawa and Ryo Nishimaki: Watermarking PRFs Against Quantum Adversaries. (2022),2022,1,"definition of secure watermarking PRFs for quantum adversaries (unremovability
against quantum adversaries) and construction fo two watermarking PRFs",2,c,"PQC,SE"
Craig Gentry et al.: Practical Non-interactive Publicly Verifiable Secret Sharing with Thousands of Parties. (2022),2022,1,We present a non-interactive PVSS scheme in which the underlying encryption scheme is based on the learning with errors (LWE) problem.,3,a,1-BLK
Gang Tang et al.: Practical Post-Quantum Signature Schemes from Isomorphism Problems of Trilinear Forms. (2022),2022,1,"a practical signature scheme based
on the alternating trilinear form equivalence problem",2,a,"PQC,NIST"
Ghada Almashaqbeh et al.: Unclonable Polymers and Their Cryptographic Applications. (2022),2022,1,"a mechanism for generating and manipulating protein polymers to obtain a new type of consumable storage that exhibits intriguing cryptographic “self-destruct” properties, assuming the hardness of certain polymer-sequencing problems",2,c,"ML,DDC"
"Persiano, G., Phan, D.H., Yung, M. Anamorphic Encryption: Private Communication Against a Dictator. (2022)",2022,1,"“Anamorphic Encryption” which shows that even if the dictator gets the keys and the messages used in the system (before anything is sent) and no other system is allowed, there is a covert way within the context of well established public-key cryptosystems for an entity to immediately (with no latency) send piggybacked secure messages which are, in spite of the stringent dictator conditions, hidden from the dictator itself!",4,a,PGTS
Giuseppe Persiano et al.: Anamorphic Encryption: Private Communication Against a Dictator. (2022),2022,,,,,TODO
"Nirvan Tyagi et al.: A Fast and Simple Partially Oblivious PRF, with Applications. (2022)",2022,1,We build the first construction of a partially oblivious pseudorandom function (POPRF) that does not rely on bilinear pairings.,1,a,CRY
Nir Bitansky et al.: Non-malleable Commitments Against Quantum Attacks. (2022),2022,1,"We construct, under standard hardness assumptions, the first non-malleable commitments secure against quantum attacks.",2,b,"PQC,GVE,ASC
"
Nils Fleischhacker et al.: Property-Preserving Hash Functions for Hamming Distance from Standard Assumptions. (2022),2022,1,"""In this work we construct robust property-preserving hash functions for the hamming-distance predicate which distinguishes inputs with a hamming distance at least some threshold t from those with distance less than t. The security of the construction is based on standard lattice hardness assumptions.""",1,b,CRY
Gorjan Alagic et al.: Post-Quantum Security of the Even-Mansour Cipher. (2022),2022,2,analysis of attacks on even-mansour cipher in the post quantum setting,2,c ,PQC
Hamidreza Amini Khorasgani et al.: Secure Non-interactive Simulation: Feasibility and Rate. (2022),2022,1,new notion of secure non-intearction simulation (SNIS),1,"a,b",CRY
Hannah Davis et al.: On the Concrete Security of TLS 1.3 PSK Mode. (2022),2022,,,,,
Sönke Huster et al.: To Boldly Go Where No Fuzzer Has Gone Before: Finding Bugs in Linux' Wireless Stacks through VirtIO Devices. (2024),2024,3,X,X,X,
Hyungsub Kim et al.: A Systematic Study of Physical Sensor Attack Hardness. (2024),2024,3,X,X,X,
Soo-Jin Moon et al.: Pryde: A Modular Generalizable Workflow for Uncovering Evasion Attacks Against Stateful Firewall Deployments. (2024),2024,,,,,
Huming Qiu et al.: BELT: Old-School Backdoor Attacks can Evade the State-of-the-Art Defense with Backdoor Exclusivity Lifting. (2024),2024,,,,,
Penghui Li et al.: Holistic Concolic Execution for Dynamic Web Applications via Symbolic Interpreter Analysis. (2024),2024,3,x,x,x,
Stephan van Schaik et al.: SoK: SGX.Fail: How Stuff Gets eXposed. (2024),2024,,,,,
Huancheng Zhou and Guofei Gu: Cerberus: Enabling Efficient and Effective In-Network Monitoring on Programmable Switches. (2024),2024,,,,,
Sunpill Kim et al.: Scores Tell Everything about Bob: Non-adaptive Face Reconstruction on Face Recognition Systems. (2024),2024,3,X,X,X,
Sushant Dinesh et al.: ConjunCT: Learning Inductive Invariants to Prove Unbounded Instruction Safety Against Microarchitectural Timing Attacks. (2024),2024,,,,,
Hongwei Yao et al.: PromptCARE: Prompt Copyright Protection by Watermark Injection and Verification. (2024),2024,,,,,
Hongsheng Hu et al.: Learn What You Want to Unlearn: Unlearning Inversion Attacks against Machine Unlearning. (2024),2024,3,X,X,X,
Hongbin Liu et al.: Pre-trained Encoders in Self-Supervised Learning Improve Secure and Privacy-preserving Supervised Learning. (2024),2024,,,,,
Pengfei Jing et al.: Revisiting Automotive Attack Surfaces: a Practitioners' Perspective. (2024),2024,,,,,
Hojjat Aghakhani et al.: TrojanPuzzle: Covertly Poisoning Code-Suggestion Models. (2024),2024,,,,,
Hoang Dai Nguyen et al.: C-Frame: Characterizing and measuring in-the-wild CAPTCHA attacks. (2024),2024,3,X,X,X,
Shuo Wang et al.: LACMUS: Latent Concept Masking for General Robustness Enhancement of DNNs. (2024),2024,,,,,
Shuya Feng et al.: DPI: Ensuring Strict Differential Privacy for Infinite Data Streaming. (2024),2024,,,,,
Jannis Rautenstrauch et al.: To Auth or Not To Auth? A Comparative Analysis of the Pre- and Post-Login Security Landscape. (2024),2024,3,X,X,X,
Jannik Albrecht et al.: Larger-scale Nakamoto-style Blockchains Don't Necessarily Offer Better Security. (2024),2024,1,"""In this paper, we take a closer look at how the network scale affects security of Nakamoto-style blockchains.""",3,"a,b,c","1-BLK,BNK"
Jan Wichelmann et al.: Obelix: Mitigating Side-Channels Through Dynamic Obfuscation. (2024),2024,,,,,
Sifat Muhammad Abdullah et al.: An Analysis of Recent Advances in Deepfake Image Detection in an Evolving Threat Landscape. (2024),2024,3,X,X,X,
Marco Chilese et al.: One for All and All for One: GNN-based Control-Flow Attestation for Embedded Devices. (2024),2024,,,,,
Simon Jeanteur et al.: CryptoVampire: Automated Reasoning for the Complete Symbolic Attacker Cryptographic Model. (2024),2024,2,"CRYPTOVAMPIRE cryptographic protocol verifier, which for the first time fully automates proofs of trace properties in the BC Logic",1,a,CRY
Takayuki Sasaki et al.: Who Left the Door Open? Investigating the Causes of Exposed IoT Devices in an Academic Network. (2024),2024,,,,,
Jaehan Kim et al.: PassREfinder: Credential Stuffing Risk Prediction by Representing Password Reuse between Websites on a Graph. (2024),2024,,,,,
Jack West et al.: A Picture is Worth 500 Labels: A Case Study of Demographic Disparities in Local Machine Learning Models for Instagram and TikTok. (2024),2024,3,x,x,x,
Jack Doerner et al.: Threshold ECDSA in Three Rounds. (2024),2024,,,,,
Siyuan Cheng et al.: OdScan: Backdoor Scanning for Object Detection Models. (2024),2024,,,,,
Ivan Puddu et al.: On (the Lack of) Code Confidentiality in Trusted Execution Environments. (2024),2024,3,X,X,X,
Philipp Beer et al.: Tabbed Out: Subverting the Android Custom Tab Security Model. (2024),2024,,,,,
"Irina Ford et al.: ""Watching over the shoulder of a professional"": Why Hackers Make Mistakes and How They Fix Them. (2024)",2024,3,X,X,X,
Mati Ur Rehman et al.: Flash: A Comprehensive Approach to Intrusion Detection via Provenance Graph Representation Learning. (2024),2024,,,,,
Hang Wang et al.: MM-BD: Post-Training Detection of Backdoor Attacks with Arbitrary Backdoor Pattern Types Using a Maximum Margin Statistic. (2024),2024,,,,,
Tom Kessous and Niv Gilboa: Prune+PlumTree - Finding Eviction Sets at Scale. (2024),2024,,,,,
Han Liu et al.: Please Tell Me More: Privacy Impact of Explainability through the Lens of Membership Inference Attack. (2024),2024,,,,,
"Matan Ben-Tov et al.: CaFA: Cost-aware, Feasible Attacks With Database Constraints Against Neural Tabular Classifiers. (2024)",2024,,,,,
Vasisht Duddu et al.: SoK: Unintended Interactions among Machine Learning Defenses and Risks. (2024),2024,3,x,x,x,
Mathé Hertogh et al.: Leaky Address Masking: Exploiting Unmasked Spectre Gadgets with Noncanonical Address Translation. (2024),2024,,,,,
Hadi Givehchian et al.: Practical Obfuscation of BLE Physical-Layer Fingerprints on Mobile Devices. (2024),2024,3,X,X,X,
Wei Liu et al.: The Dark Side of Scale: Insecurity of Direct-to-Cell Satellite Mega-Constellations. (2024),2024,,,,,
Hangtian Liu et al.: Labrador: Response Guided Directed Fuzzing for Black-box IoT Devices. (2024),2024,3,X,X,X,
Weihao Bai et al.: MPC-in-the-Head Framework without Repetition and its Applications to the Lattice-based Cryptography. (2024),2024,,,,,
Guanhong Tao et al.: Distribution Preserving Backdoor Attack in Self-supervised Learning. (2024),2024,,,,,
Weiteng Chen et al.: SyzGen++: Dependency Inference for Augmenting Kernel Driver Fuzzing. (2024),2024,,,,,
Wenhao Zhang et al.: Efficient Actively Secure DPF and RAM-based 2PC with One-Bit Leakage. (2024),2024,,,,,
Patrick Tser Jern Kon et al.: NetShuffle: Circumventing Censorship with Shuffle Proxies at the Edge. (2024),2024,,,,,
Fritz Alder et al.: Pandora: Principled Symbolic Validation of Intel SGX Enclave Runtimes. (2024),2024,,,,,
Franziska Herbert et al.: Digital Security - A Question of Perspective A Large-Scale Telephone Survey with Four At-Risk User Groups. (2024),2024,,,,,
Floris Gorter et al.: Sticky Tags: Efficient and Deterministic Spatial Memory Error Mitigation using Persistent Memory Tags. (2024),2024,,,,,
Tianyi Liu et al.: Pianist: Scalable zkRollups via Fully Distributed Zero-Knowledge Proofs. (2024),2024,,,,,
Martin R. Albrecht et al.: Device-Oriented Group Messaging: A Formal Cryptographic Analysis of Matrix' Core. (2024),2024,2,formal cryptanalysis of the protocol underlying Matrix,4,a,"MSG,GVE,AUT"
Heqing Huang et al.: Titan : Efficient Multi-target Directed Greybox Fuzzing. (2024),2024,,,,,
Heqing Huang et al.: Everything is Good for Something: Counterexample-Guided Directed Fuzzing via Likely Invariant Inference. (2024),2024,,,,,
"Taylor R. Schorlemmer et al.: Signing in Four Public Software Package Registries: Quantity, Quality, and Influencing Factors. (2024)",2024,,,,,
Henri Devillez et al.: Can we cast a ballot as intended and be receipt free? (2024),2024,,,,,
Tianshuo Cong et al.: Test-Time Poisoning Attacks Against Test-Time Adaptation Models. (2024),2024,,,,,
Tiantian Gong et al.: More is Merrier: Relax the Non-Collusion Assumption in Multi-Server PIR. (2024),2024,1,"a collusion mitigation mechanism on a public bulletin board with payment execution functions, considering only rational and malicious parties with no honest non-colluding servers.",2,a,"ML,1-BLK,DAD"
Jean Paul Degabriele et al.: SoK: Efficient Design and Implementation of Polynomial Hash Functions over Prime Fields. (2024),2024,1,"a body of knowledge concerning polynomial hash design and implementation that is spread across research papers, cryptographic libraries, and developers’ blogs. We develop a framework to automate the validation and benchmarking of the ideas that we collect. This approach leads us to five new candidate designs for polynomial hash functions. Using our framework, we generate and evaluate different implementations and optimization strategies for each candidate.",3,"a,b",CRY
Peng Cheng et al.: ALIF: Low-Cost Adversarial Audio Attacks on Black-Box Speech Platforms using Linguistic Features. (2024),2024,3,X,X,X,
Peizhuo Lv et al.: MEA-Defender: A Robust Watermark against Model Extraction Attack. (2024),2024,,,,,
Haodi Wang et al.: Transferable Multimodal Attack on Vision-Language Pre-training Models. (2024),2024,,,,,
Tillson Galloway et al.: Practical Attacks Against DNS Reputation Systems. (2024),2024,,,,,
Tim Kutta et al.: Lower Bounds for Rényi Differential Privacy in a Black-Box Setting. (2024),2024,,,,,
Hans Winderix et al.: Architectural Mimicry: Innovative Instructions to Efficiently Address Control-Flow Leakage in Data-Oblivious Programs. (2024),2024,,,,,
Hans W. A. Hanley et al.: Specious Sites: Tracking the Spread and Sway of Spurious News Stories at Scale. (2024),2024,3,X,X,X,
Lucjan Hanzlik et al.: Sweep-UC: Swapping Coins Privately. (2024),2024,1,"Sweep-UC1, the first fair exchange protocol that simultaneously is efficient, minimizes scripting, and is compatible with a wide range of currencies (more than the state of the art).",3,a,6-BLK
Karen Sowon et al.: The Role of User-Agent Interactions on Mobile Money Practices in Kenya and Tanzania. (2024),2024,,,,,
"Louis-Henri Merino et al.: E-Vote Your Conscience: Perceptions of Coercion and Vote Buying, and the Usability of Fake Credentials in Online Voting. (2024)",2024,3,x,x,x,
Kaiyuan Zhang et al.: Exploring the Orthogonality and Linearity of Backdoor Attacks. (2024),2024,,,,,
Ruikai Zhou et al.: Revisiting Black-box Ownership Verification for Graph Neural Networks. (2024),2024,,,,,
Kai Zhang et al.: Bounded and Unbiased Composite Differential Privacy. (2024),2024,,,,,
Ruiwen He et al.: Understanding and Benchmarking the Commonality of Adversarial Examples. (2024),2024,3,X,X,X,
Junrui Liu et al.: Certifying Zero-Knowledge Circuits with Refinement Types. (2024),2024,1,"This paper presents CODA, a novel statically-typed language for building zero-knowledge applications. Critically, CODA makes it possible to formally specify and statically check properties of a ZK application through a rich refinement type system.",2,a,"1-BLK,6-BLK"
Karola Marky et al.: Investigating Voter Perceptions of Printed Physical Audit Trails for Online Voting. (2024),2024,,,,,
Jun Luo et al.: MIMOCrypt: Multi-User Privacy-Preserving Wi-Fi Sensing via MIMO Encryption. (2024),2024,3,X,X,X,
Luis E. Salazar et al.: A Tale of Two Industroyers: It was the Season of Darkness. (2024),2024,,,,,
Julia Wunder et al.: Shedding Light on CVSS Scoring Inconsistencies: A User-Centric Study on Evaluating Widespread Security Vulnerabilities. (2024),2024,3,X,X,X,
Jubayer Mahmod and Matthew Hicks: UnTrustZone: Systematic Accelerated Aging to Expose On-chip Secrets. (2024),2024,,,,,
"Saad Ullah et al.: LLMs Cannot Reliably Identify and Reason About Security Vulnerabilities (Yet?): A Comprehensive Evaluation, Framework, and Benchmarks. (2024)",2024,,,,,
Joyanta Debnath et al.: ARMOR: A Formally Verified Implementation of X.509 Certificate Chain Validation. (2024),2024,3,X,X,X,
Sabrina Amft et al.: Everyone for Themselves? A Qualitative Study about Individual Security Setups of Open Source Software Contributors. (2024),2024,,,,,
Joshua C. Zhao et al.: Loki: Large-scale Data Reconstruction Attack against Federated Learning through Model Manipulation. (2024),2024,3,x,x,x,
Joseph Khoury et al.: Jbeil: Temporal Graph-Based Inductive Learning to Infer Lateral Movement in Evolving Enterprise Networks. (2024),2024,,,,,
Rosanna Bellini et al.: SoK: Safer Digital-Safety Research Involving At-Risk Users. (2024),2024,,,,,
Radhika Garg et al.: Scalable Mixed-Mode MPC. (2024),2024,,,,,
"R. Sekar et al.: eAudit: A Fast, Scalable and Deployable Audit Data Collection System. (2024)",2024,3,x,x,x,
Robin Staab et al.: From Principle to Practice: Vertical Data Minimization for Machine Learning. (2024),2024,,,,,
Qinying Wang et al.: SyzTrust: State-aware Fuzzing on Trusted OS Designed for IoT Devices. (2024),2024,,,,,
Qiao Zhang et al.: From Individual Computation to Allied Optimization: Remodeling Privacy-Preserving Neural Inference with Function Input Tuning. (2024),2024,3,x,x,x,
Lioba Heimbach et al.: Non-Atomic Arbitrage in Decentralized Finance. (2024),2024,3,x,x,x,
"Kuntal Kumar Pal et al.: ""Len or index or count, anything but v1"": Predicting Variable Names in Decompilation Output with Transfer Learning. (2024)",2024,3,X,X,X,
Kunbei Cai et al.: DeepVenom: Persistent DNN Backdoors Exploiting Transient Weight Perturbations in Memories. (2024),2024,,,,,
Priyanka Nanayakkara et al.: Measure-Observe-Remeasure: An Interactive Paradigm for Differentially-Private Exploratory Analysis. (2024),2024,3,X,X,X,
Rosario Giustolisi et al.: Thwarting Last-Minute Voter Coercion. (2024),2024,,,,,
Qian Sang et al.: AirTaint: Making Dynamic Taint Analysis Faster and Easier. (2024),2024,,,,,
Rui Xi et al.: POMABuster: Detecting Price Oracle Manipulation Attacks in Decentralized Finance. (2024),2024,3,X,X,X,
Qi Wang et al.: Break the Wall from Bottom: Automated Discovery of Protocol-Level Evasion Vulnerabilities in Web Application Firewalls. (2024),2024,3,X,X,X,
Ruihan Wang et al.: Ligetron: Lightweight Scalable End-to-End Zero-Knowledge Proofs Post-Quantum ZK-SNARKs on a Browser. (2024),2024,3,X,X,X,
"Qi Pang et al.: BOLT: Privacy-Preserving, Accurate and Efficient Inference for Transformers. (2024)",2024,,,,,
Kaushal Kafle et al.: Understanding the Privacy Practices of Political Campaigns: A Perspective from the 2020 US Election Websites. (2024),2024,,,,,
Kasra Edalatnejad et al.: Janus: Safe Biometric Deduplication for Humanitarian Aid Distribution. (2024),2024,,,,,
Jian Liu et al.: PIRANA: Faster Multi-query PIR via Constant-weight Codes. (2024),2024,,,,,
Jiasheng Jiang et al.: APP-Miner: Detecting API Misuses via Automatically Mining API Path Patterns. (2024),2024,3,X,X,X,
Jianshuo Liu et al.: NFCEraser: A Security Threat of NFC Message Modification Caused by Quartz Crystal Oscillator. (2024),2024,,,,,
Jianning Zhang et al.: Springproofs: Efficient Inner Product Arguments for Vectors of Arbitrary Length. (2024),2024,,,,,
Jianliang Wu et al.: SoK: The Long Journey of Exploiting and Defending the Legacy of King Harald Bluetooth. (2024),2024,,,,,
Shawn Shan et al.: Nightshade: Prompt-Specific Poisoning Attacks on Text-to-Image Generative Models. (2024),2024,,,,,
Jiangyi Deng et al.: Sophon: Non-Fine-Tunable Learning to Restrain Task Transferability For Pre-trained Models. (2024),2024,,,,,
Jiaxun Cao et al.: Understanding Parents' Perceptions and Practices Toward Children's Security and Privacy in Virtual Reality. (2024),2024,3,x,x,x,
Mahmood Sharif et al.: DrSec: Flexible Distributed Representations for Efficient Endpoint Security. (2024),2024,,,,,
Mahmoud Nazzal et al.: Multi-Instance Adversarial Attack on GNN-Based Malicious Domain Detection. (2024),2024,,,,,
Jiahe Lan et al.: FlowMur: A Stealthy and Practical Audio Backdoor Attack with Limited Knowledge. (2024),2024,,,,,
Jiacen Xu et al.: Understanding and Bridging the Gap Between Unsupervised Network Representation Learning and Security Analytics. (2024),2024,3,X,X,X,
Jennifer Sheldon et al.: AquaSonic: Acoustic Manipulation of Underwater Data Center Operations and Resource Management. (2024),2024,3,X,X,X,
Jelle Vos et al.: SoK: Collusion-resistant Multi-party Private Set Intersections in the Semi-honest Model. (2024),2024,,,,,
Jean-Luc Watson et al.: Nebula: A Privacy-First Platform for Data Backhaul. (2024),2024,1,"we present Nebula, a privacy-focused architecture for global, intermittent, and low-rate data backhaul to enable nearly any thing to eventually connect to the cloud while (i) preserving the privacy of the mobile network participants from the platform provider by decentralizing data flow through the system, (ii) incentivizing participation through micropayments, and (iii) preventing system abuse.",4,c,"HWM,CC,LOC,NWT"
Sanghak Oh et al.: Poisoned ChatGPT Finds Work for Idle Hands: Exploring Developers' Coding Practices with Insecure Suggestions from Poisoned AI Models. (2024),2024,,,,,
Saiid El Hajj Chehade et al.: SINBAD: Saliency-informed detection of breakage caused by ad blocking. (2024),2024,,,,,
Lukas Gerlach et al.: Efficient and Generic Microarchitectural Hash-Function Recovery. (2024),2024,,,,,
Sally Junsong Wang et al.: SmartInv: Multimodal Learning for Smart Contract Invariant Inference. (2024),2024,,,,,
Sandeep Kiran Pinjala et al.: INVISILINE: Invisible Plausibly-Deniable Storage. (2024),2024,1,"We develop INVISILINE, a plausibly invisible system resilient against multi-snapshot adversaries that can access the device multiple times.",4,a,"PGTS,JUR,ACT,MIN"
Sandra Rivera Pérez et al.: Patchy Performance? Uncovering the Vulnerability Management Practices of IoT-Centric Vendors. (2024),2024,3,X,X,X,
Joel Frank et al.: A Representative Study on Human Detection of Artificially Generated Media Across Countries. (2024),2024,,,,,
Joachim Neu et al.: Optimal Flexible Consensus and its Application to Ethereum. (2024),2024,1,We present the first [BFT consensus protocol] that allows optimal safety–liveness tradeoff for every client simultaneously.,3,b,"1-BLK,6-BLK"
Jiun Min et al.: ERASan: Efficient Rust Address Sanitizer. (2024),2024,,,,,
Weimin Chen et al.: Towards Smart Contract Fuzzing on GPUs. (2024),2024,,,,,
Sanjam Garg et al.: hinTS: Threshold Signatures with Silent Setup. (2024),2024,,,,,
"Sarabjeet Singh et al.: Hyena: Balancing Packing, Reuse, and Rotations for Encrypted Inference. (2024)",2024,,,,,
Jincheng Wang et al.: LLMIF: Augmented Large Language Model for Fuzzing IoT Devices. (2024),2024,3,X,X,X,
Sarthak Choudhary et al.: Attacking Byzantine Robust Aggregation in High Dimensions. (2024),2024,,,,,
Jie Wan et al.: BounceAttack: A Query-Efficient Decision-based Adversarial Attack by Bouncing into the Wild. (2024),2024,,,,,
Sayak Saha Roy et al.: From Chatbots to Phishbots?: Phishing Scam Generation in Commercial Large Language Models. (2024),2024,,,,,
Yukui Luo et al.: DeepShuffle: A Lightweight Defense Framework against Adversarial Fault Injection Attacks on Deep Neural Networks in Multi-Tenant Cloud-FPGA. (2024),2024,,,,,
Benedict Schlüter et al.: WeSee: Using Malicious #VC Interrupts to Break AMD SEV-SNP. (2024),2024,,,,,
Ben Nassi et al.: Video-Based Cryptanalysis: Extracting Cryptographic Keys from Video Footage of a Device's Power LED Captured by Standard Video Cameras. (2024),2024,2,"In this paper, we present video-based cryptanalysis, a new method used to recover secret keys from a device by analyzing video footage of a device’s power LED.",2,c,HWM
"Yue Guo et al.: PriDe CT: Towards Public Consensus, Private Transactions, and Forward Secrecy in Decentralized Payments. (2024)",2024,,,,,
Yuelin Liu et al.: Enforcing End-to-end Security for Remote Conference Applications. (2024),2024,3,x,x,x,
Yujian Zhang et al.: Predecessor-aware Directed Greybox Fuzzing. (2024),2024,,,,,
Bargav Jayaraman et al.: Combing for Credentials: Active Pattern Extraction from Smart Reply. (2024),2024,3,X,X,X,
Bang Wu et al.: Securing Graph Neural Networks in MLaaS: A Comprehensive Realization of Query-based Integrity Verification. (2024),2024,3,x,x,x,
Banashri Karmakar et al.: Asterisk: Super-fast MPC with a Friend. (2024),2024,1,"In the above model, we are the first to design, implement and benchmark a practically-efficient and general multi-party framework, Asterisk.",3,a,"DAD,BNK"
Bhupendra Acharya et al.: Conning the Crypto Conman: End-to-End Analysis of Cryptocurrency-based Technical Support Scams. (2024),2024,,,,,
Yun Lu et al.: Eureka: A General Framework for Black-box Differential Privacy Estimators. (2024),2024,,,,,
Asim Waheed et al.: GrOVe: Ownership Verification of Graph Neural Networks using Embeddings. (2024),2024,3,X,X,X,
Yuni Lai et al.: Node-aware Bi-smoothing: Certified Robustness against Graph Injection Attacks. (2024),2024,3,x,x,x,
Yuwei Liu et al.: AFGen: Whole-Function Fuzzing for Applications and Libraries. (2024),2024,3,X,X,X,
Armin Namavari et al.: Private Hierarchical Governance for Encrypted Messaging. (2024),2024,,,,,
Ankit Kumar et al.: Formal Model-Driven Analysis of Resilience of GossipSub to Attacks from Misbehaving Peers. (2024),2024,3,x,x,x,
Yuzheng Hu et al.: SoK: Privacy-Preserving Data Synthesis. (2024),2024,3,X,X,X,
Yiru Xu et al.: Saturn: Host-Gadget Synergistic USB Driver Fuzzing. (2024),2024,,,,,
Ceren Kocaogullar et al.: Pudding: Private User Discovery in Anonymity Networks. (2024),2024,,,,,
Mingxuan Yao et al.: Pulling Off The Mask: Forensic Analysis of the Deceptive Creator Wallets Behind Smart Contract Fraud. (2024),2024,,,,,
Cas Cremers et al.: Multi-Stage Group Key Distribution and PAKEs: Securing Zoom Groups against Malicious Servers without New Security Elements. (2024),2024,2,we show how security against malicious servers can be improved by changing the way in which such protocols use passwords (known as passcodes in Zoom) and integrating a password-authenticated key exchange (PAKE) protocol.,3,a,MSG
"Cas Cremers and Mang Zhao: Secure Messaging with Strong Compromise Resilience, Temporal Privacy, and Immediate Decryption. (2024)",2024,,,,,
Younggi Park et al.: Benzene: A Practical Root Cause Analysis System with an Under-Constrained State Mutation. (2024),2024,,,,,
Youngsik Yoon et al.: Few-shot Unlearning. (2024),2024,,,,,
Zachary Espiritu et al.: Synq: Public Policy Analytics Over Encrypted Data. (2024),2024,1,"We design Synq, a system that supports analytics over encrypted data while accounting for the usability considerations institutions may have when conducting studies that affect public policy.",4,"a,b,c","SPG,PH,CC,DCC,DAD,BMD,1-BLK"
Yuanliang Chen et al.: Chronos: Finding Timeout Bugs in Practical Distributed Systems by Deep-Priority Fuzzing with Transient Delay. (2024),2024,,,,,
Borui Yang et al.: SrcMarker: Dual-Channel Source Code Watermarking via Scalable Code Transformations. (2024),2024,,,,,
Borui Gong et al.: Efficient Zero-Knowledge Arguments For Paillier Cryptosystem. (2024),2024,1,We present an efficient zero-knowledge argument of knowledge system customized for the Paillier cryptosystem.,4,c,"VOT,DAD,ML,NT"
"Mingxun Zhou et al.: Piano: Extremely Simple, Single-Server PIR with Sublinear Server Computation. (2024)",2024,,,,,
Yuchen Yang et al.: SneakyPrompt: Jailbreaking Text-to-image Generative Models. (2024),2024,,,,,
Bofei Chen et al.: Efficient Detection of Java Deserialization Gadget Chains via Bottom-up Gadget Search and Dataflow-aided Payload Construction. (2024),2024,,,,,
Bo Jiang et al.: Budget Recycling Differential Privacy. (2024),2024,,,,,
Bin Yuan et al.: MQTTactic: Security Analysis and Verification for Logic Flaws in MQTT Implementations. (2024),2024,3,X,X,X,
Zhuo Zhang et al.: On Large Language Models' Resilience to Coercive Interrogation. (2024),2024,,,,,
Nan Wang et al.: SwiftRange: A Short and Efficient Zero-Knowledge Range Argument For Confidential Transactions and More. (2024),2024,1,"In this paper, we propose SwiftRange, a new type of logarithmic-sized zero-knowledge range argument with a transparent setup in the discrete logarithm setting.",3,a,"6-BLK,ML,CUR,VOT,BMD,AUT"
Alfusainey Jallow et al.: Measuring the Effects of Stack Overflow Code Snippet Evolution on Open-Source Software Security. (2024),2024,3,X,X,X,
Muoi Tran et al.: Routing Attacks on Cryptocurrency Mining Pools. (2024),2024,,,,,
Moritz Schloegel et al.: SoK: Prudent Evaluation Practices for Fuzzing. (2024),2024,,,,,
Zhongtang Luo et al.: Attacking and Improving the Tor Directory Protocol. (2024),2024,,,,,
Aleksandr Nahapetyan et al.: On SMS Phishing Tactics and Infrastructure. (2024),2024,,,,,
Alec F. Diallo and Paul Patras: Sabre: Cutting through Adversarial Noise with Adaptive Spectral Filtering and Input Reconstruction. (2024),2024,,,,,
Zhuo Ma et al.: Need for Speed: Taming Backdoor Attacks with Speed and Precision. (2024),2024,3,x,x,x,
Zheyuan He et al.: Nurgle: Exacerbating Resource Consumption in Blockchain State Storage via MPT Manipulation. (2024),2024,2,"We conduct a comprehensive and systematic evaluation of NURGLE, including the factors affecting it, its impact on blockchains, its financial cost, and practically demonstrating the resulting damage to blockchains. The implications of NURGLE extend beyond the performance degradation of blockchains, potentially reducing trust in them and the value of their cryptocurrencies",3,a,"1-BLK,6-BLK"
Akul Goyal et al.: R-CAID: Embedding Root Cause Analysis within Provenance-based Intrusion Detection. (2024),2024,,,,,
Zihan Wang et al.: CORELOCKER: Neuron-level Usage Control. (2024),2024,3,X,X,X,
Zihang Xiang et al.: Preserving Node-level Privacy in Graph Neural Networks. (2024),2024,,,,,
Zijun Cheng et al.: Kairos: Practical Intrusion Detection and Investigation using Whole-system Provenance. (2024),2024,,,,,
Zilong Lin et al.: MAWSEO: Adversarial Wiki Search Poisoning for Illicit Online Promotion. (2024),2024,,,,,
Ziqi Zhang et al.: No Privacy Left Outside: On the (In-)Security of TEE-Shielded DNN Partition for On-Device ML. (2024),2024,,,,,
Ziqi Zhou et al.: Securely Fine-tuning Pre-trained Encoders Against Adversarial Examples. (2024),2024,,,,,
Zeyu Liu et al.: Group Oblivious Message Retrieval. (2024),2024,,,,,
Anh V. Vu et al.: No Easy Way Out: the Effectiveness of Deplatforming an Extremist Forum to Suppress Hate and Harassment. (2024),2024,3,X,X,X,
Andrew Yuan et al.: Dropout Attacks. (2024),2024,,,,,
"Andrew Park et al.: Communication-efficient, Fault Tolerant PIR over Erasure Coded Storage. (2024)",2024,,,,,
Narges Ashena et al.: Casual Users and Rational Choices within Differential Privacy. (2024),2024,,,,,
Andrew C. Cullen et al.: It's Simplex! Disaggregating Measures to Improve Certified Robustness. (2024),2024,3,x,x,x,
Andrés Fábrega et al.: Injection Attacks Against End-to-End Encrypted Applications. (2024),2024,,,,,
"Zachary Ratliff et al.: Holepunch: Fast, Secure File Deletion with Crash Consistency. (2024)",2024,,,,,
Zahra Moti et al.: Targeted and Troublesome: Tracking and Advertising on Children's Websites. (2024),2024,,,,,
Palak Jain et al.: Time-Aware Projections: Truly Node-Private Graph Statistics under Continual Observation. (2024),2024,,,,,
Zhambyl Shaikhanov et al.: MetaFly: Wireless Backhaul Interception via Aerial Wavefront Manipulation. (2024),2024,,,,,
Zhe Qu et al.: Guessing on Dominant Paths: Understanding the Limitation of Wireless Authentication Using Channel State Information. (2024),2024,,,,,
Andreas Brüggemann et al.: Don't Eject the Impostor: Fast Three-Party Computation With a Known Cheater. (2024),2024,,,,,
"Zhe Ye et al.: Specular: Towards Secure, Trust-minimized Optimistic Blockchain Execution. (2024)",2024,,,,,
André Augusto et al.: SoK: Security and Privacy of Blockchain Interoperability. (2024),2024,,,,,
Mohammad Naseri et al.: BadVFL: Backdoor Attacks in Vertical Federated Learning. (2024),2024,,,,,
Zhengyu Liu et al.: Undefined-oriented Programming: Detecting and Chaining Prototype Pollution Gadgets in Node.js Template Engines for Malicious Consequences. (2024),2024,,,,,
"Amit Seal Ami et al.: ""False negative - that one is going to kill you"": Understanding Industry Perspectives of Static Analysis based Security Testing. (2024)",2024,,,,,
Doguhan Yeke et al.: Wear's my Data? Understanding the Cross-Device Runtime Permission Model in Wearables. (2024),2024,,,,,
"Mayank Rathee et al.: Private Analytics via Streaming, Sketching, and Silently Verifiable Proofs. (2024)",2024,1,"We present Whisper, a system for privacy-preserving collection of aggregate statistics.",3,"a,b","DAD,PH,WEB"
Xinlei He et al.: You Only Prompt Once: On the Capabilities of Prompt Learning on Large Language Models to Tackle Toxic Content. (2024),2024,,,,,
Max Ammann et al.: DY Fuzzing: Formal Dolev-Yao Models Meet Cryptographic Protocol Fuzz Testing. (2024),2024,,,,,
Xinming Wei et al.: Rethinking IC Layout Vulnerability: Simulation-Based Hardware Trojan Threat Assessment with High Fidelity. (2024),2024,,,,,
Md. Sadun Haq et al.: SoK: A Comprehensive Analysis and Evaluation of Docker Container Attack and Defense Mechanisms. (2024),2024,3,X,X,X,
Xinyu Zhang et al.: Text-CRS: A Generalized Certified Robustness Framework against Textual Adversarial Attacks. (2024),2024,,,,,
Meng Shen et al.: Real-Time Website Fingerprinting Defense via Traffic Cluster Anonymization. (2024),2024,,,,,
Ehsanul Kabir et al.: FLShield: A Validation Based Federated Learning Framework to Defend Against Poisoning Attacks. (2024),2024,,,,,
Chamara Sandeepa et al.: SHERPA: Explainable Robust Algorithms for Privacy-Preserved Federated Learning in Future Networks to Defend Against Data Poisoning Attacks. (2024),2024,,,,,
Wuqi Zhang et al.: Nyx: Detecting Exploitable Front-Running Vulnerabilities in Smart Contracts. (2024),2024,,,,,
Nishant Vishwamitra et al.: Moderating New Waves of Online Hate with Chain-of-Thought Reasoning in Large Language Models. (2024),2024,3,X,X,X,
William Kong et al.: DP-Auditorium: A Large-Scale Library for Auditing Differential Privacy. (2024),2024,,,,,
"Yacong Gu et al.: More Haste, Less Speed: Cache Related Security Threats in Continuous Integration Services. (2024)",2024,,,,,
David Koisser et al.: Don't Shoot the Messenger: Localization Prevention of Satellite Internet Users. (2024),2024,,,,,
"David Klein and Martin Johns: Parse Me, Baby, One More Time: Bypassing HTML Sanitizer via Parsing Differentials. (2024)",2024,3,x,x,x,
Nicolas Küchler et al.: Cohere: Managing Differential Privacy in Large Scale Systems. (2024),2024,3,X,X,X,
Enze Wang et al.: Where URLs Become Weapons: Automated Discovery of SSRF Vulnerabilities in Web Applications. (2024),2024,,,,,
Xiangtao Meng et al.: AVA: Inconspicuous Attribute Variation-based Adversarial Attack bypassing DeepFake Detection. (2024),2024,3,X,X,X,
Maximilian Noppel and Christian Wressnegger: SoK: Explainable Machine Learning in Adversarial Environments. (2024),2024,3,X,X,X,
Xiaoguo Li et al.: Make Revocation Cheaper: Hardware-Based Revocable Attribute-Based Encryption. (2024),2024,1,"""Motivated by the popularity of commodity Trusted Execution Environment (TEE) technologies, this paper initiates the study on hardware-based revocable ABE (HR-ABE) to eliminate the (unscalable) ciphertext delegation and prevent collusion attacks between an untrusted storage server and revoked users. We formalize this new notion and present an efficient HR-ABE construction that also supports outsourced decryption for resource-constrained data users.""",2,"a,b,c","HWM,AUT"
Xiang Li et al.: TuDoor Attack: Systematically Exploring and Exploiting Logic Vulnerabilities in DNS Response Pre-processing with Malformed Packets. (2024),2024,,,,,
Osama Bajaber et al.: P4Control: Line-Rate Cross-Host Attack Prevention via In-Network Information Flow Control Enabled by Programmable Switches and eBPF. (2024),2024,3,x,x,x,
Xiaolin Du et al.: Withdrawing is believing? Detecting Inconsistencies between Withdrawal Choices and Third-party Data Collections in Mobile Apps. (2024),2024,,,,,
Erik C. Rye and Dave Levin: Surveilling the Masses with Wi-Fi-Based Positioning Systems. (2024),2024,,,,,
Xiaoxing Mo et al.: Robust Backdoor Detection for Deep Learning via Topological Evolution Dynamics. (2024),2024,,,,,
Dario Pasquini et al.: Universal Neural-Cracking-Machines: Self-Configurable Password Models from Auxiliary Data. (2024),2024,,,,,
Xiang Li et al.: DNSBomb: A New Practical-and-Powerful Pulsing DoS Attack Exploiting DNS Queries-and-Responses. (2024),2024,,,,,
Xiliang Luo et al.: Secure Ranging with IEEE 802.15.4z HRP UWB. (2024),2024,,,,,
Xingli Zhang et al.: From Virtual Touch to Tesla Command: Unlocking Unauthenticated Control Chains From Smart Glasses for Vehicle Takeover. (2024),2024,3,x,x,x,
Xingshuo Han et al.: Backdooring Multimodal Learning. (2024),2024,,,,,
Xingyu Xie et al.: GAuV: A Graph-Based Automated Verification Framework for Perfect Semi-Honest Security of Multiparty Computation Protocols. (2024),2024,,,,,
Xiang Li et al.: Bulkor: Enabling Bulk Loading for Path ORAM. (2024),2024,,,,,
Eleanor Birrell et al.: SoK: Technical Implementation and Human Impact of Internet Privacy Regulations. (2024),2024,3,X,X,X,
Chen Gong et al.: Baffle: Hiding Backdoors in Offline Reinforcement Learning Datasets. (2024),2024,,,,,
"Filipo Sharevski and Jennifer Vander Loop: Children, Parents, and Misinformation on Social Media. (2024)",2024,,,,,
Cheng Gongye et al.: Side-Channel-Assisted Reverse-Engineering of Encrypted DNN Hardware Accelerator IP and Attack Surface Exploration. (2024),2024,,,,,
Yingchen Wang et al.: GPU.zip: On the Side-Channel Implications of Hardware-Based Graphical Data Compression. (2024),2024,,,,,
"Mindy Tran et al.: Security, Privacy, and Data-sharing Trade-offs When Moving to the United States: Insights from a Qualitative Study. (2024)",2024,,,,,
Neha Jawalkar et al.: Orca: FSS-based Secure Training and Inference with GPUs. (2024),2024,,,,,
Miguel Isabel et al.: Scalable Verification of Zero-Knowledge Protocols. (2024),2024,2,a new scalable modular technique based on the application of transformation and deduction rules that have proven to be very effective in verifying properties over the signals of a circuit given as a set of polynomial equations in a large prime field,2,a,CRY
Chris Misa et al.: Leveraging Prefix Structure to Detect Volumetric DDoS Attack Signatures with Programmable Switches. (2024),2024,,,,,
Feng Xiao et al.: Jasmine: Scale up JavaScript Static Security Analysis with Computation-based Semantic Explanation. (2024),2024,,,,,
Chris Tsoukaladelis et al.: The Times They Are A-Changin': Characterizing Post-Publication Changes to Online News. (2024),2024,3,X,X,X,
Fei Duan et al.: A Security Analysis of Honey Vaults. (2024),2024,,,,,
Yepeng Pan and Christian Rossow: TCP Spoofing: Reliable Payload Transmission Past the Spoofed TCP Handshake. (2024),2024,3,X,X,X,
Christoph Sendner et al.: Large-Scale Study of Vulnerability Scanners for Ethereum Smart Contracts. (2024),2024,3,x,x,x,
William Blair et al.: Automated Synthesis of Effect Graph Policies for Microservice-Aware Stateful System Call Specialization. (2024),2024,,,,,
Yansong Gao et al.: DeepTheft: Stealing DNN Model Architectures through Power Side Channel. (2024),2024,3,X,X,X,
Nicholas Ngai et al.: Distributed & Scalable Oblivious Sorting and Shuffling. (2024),2024,1,"a multi-threaded bitonic sort optimized for the distributed setting, ",2,b,"BMD,DAD,HWM,DDC"
Dario Pasquini et al.: Breach Extraction Attacks: Exposing and Addressing the Leakage in Second Generation Compromised Credential Checking Services. (2024),2024,,,,,
Florian Hantke et al.: Where Are the Red Lines? Towards Ethical Server-Side Scans in Security and Privacy Research. (2024),2024,,,,,
Yangfan Jiang et al.: Protecting Label Distribution in Cross-Silo Federated Learning. (2024),2024,3,X,X,X,
Nicholas Mosier et al.: Serberus: Protecting Cryptographic Code from Spectres at Compile-Time. (2024),2024,3,x,x,x,
Daniel Schlette et al.: Do You Play It by the Books? A Study on Incident Response Playbooks and Influencing Factors. (2024),2024,,,,,
Daniel Schadt et al.: PolySphinx: Extending the Sphinx Mix Format With Better Multicast Support. (2024),2024,,,,,
Yechao Zhang et al.: Why Does Little Robustness Help? A Further Step Towards Understanding Adversarial Transferability. (2024),2024,,,,,
Yanting Wang et al.: FCert: Certifiably Robust Few-Shot Classification in the Era of Foundation Models. (2024),2024,,,,,
Nicholas Carlini et al.: Poisoning Web-Scale Training Datasets is Practical. (2024),2024,,,,,
Cristiano Rodrigues et al.: BUSted!!! Microarchitectural Side-Channel Attacks on the MCU Bus Interconnect. (2024),2024,,,,,
Yash Vekaria et al.: The Inventory is Dark and Full of Misinformation: Understanding Ad Inventory Pooling in the Ad-Tech Supply Chain. (2024),2024,,,,,
Muhammad Saad and David Mohaisen: Three Birds with One Stone: Efficient Partitioning Attacks on Interdependent Cryptocurrency Networks. (2023),2023,,,,,
Zizhi Jin et al.: PLA-LiDAR: Physical Laser Attacks against LiDAR-based 3D Object Detection in Autonomous Vehicle. (2023),2023,3,X,X,X,
Quang Dao et al.: Weak Fiat-Shamir Attacks on Modern Proof Systems. (2023),2023,,,,,
Muhammad Haris Mughees and Ling Ren: Vectorized Batch Private Information Retrieval. (2023),2023,,,,,
Qiang Liu et al.: ViDeZZo: Dependency-aware Virtual Device Fuzzing. (2023),2023,,,,,
Norbert Ludant et al.: From 5G Sniffing to Harvesting Leakages of Privacy-Preserving Messengers. (2023),2023,,,,,
Nate Mathews et al.: SoK: A Critical Evaluation of Efficient Website Fingerprinting Defenses. (2023),2023,,,,,
Piergiorgio Ladisa et al.: SoK: Taxonomy of Attacks on Open-Source Software Supply Chains. (2023),2023,,,,,
Nathan Reitinger et al.: Is Cryptographic Deniability Sufficientƒ Non-Expert Perceptions of Deniability in Secure Messaging. (2023),2023,,,,,
Nathan Malkin et al.: Optimistic Access Control for the Smart Home. (2023),2023,3,X,X,X,
Phoebe Moh et al.: Characterizing Everyday Misuse of Smart Home Devices. (2023),2023,,,,,
Peiyu Liu et al.: How IoT Re-using Threatens Your Sensitive Data: Exploring the User-Data Disposal in Used IoT Devices. (2023),2023,,,,,
Nils Lukas et al.: Analyzing Leakage of Personally Identifiable Information in Language Models. (2023),2023,,,,,
"Nina Bindel et al.: FIDO2, CTAP 2.1, and WebAuthn 2: Provable Security and Post-Quantum Instantiation. (2023)",2023,2,the first formal security analysis of FIDO2 with the CTAP 2.1 and WebAuthn 2 sub-protocols.,3,b,"AUT,WEB,PQC,NIST"
Pengfei Hu et al.: mmEcho: A mmWave-based Acoustic Eavesdropping Method. (2023),2023,,,,,
Pujan Paudel et al.: Lambretta: Learning to Rank for Twitter Soft Moderation. (2023),2023,,,,,
Oleksii Oleksenko et al.: Hide and Seek with Spectres: Efficient discovery of speculative information leaks with random testing. (2023),2023,,,,,
Peiyuan Liu et al.: Confident Monte Carlo: Rigorous Analysis of Guessing Curves for Probabilistic Password Models. (2023),2023,,,,,
Xu Lin et al.: Fashion Faux Pas: Implicit Stylistic Fingerprints for Bypassing Browsers' Anti-Fingerprinting Defenses. (2023),2023,,,,,
Yapeng Ye et al.: D-ARM: Disassembling ARM Binaries by Lightweight Superset Instruction Interpretation and Graph Modeling. (2023),2023,,,,,
Yanjiao Chen et al.: D-DAE: Defense-Penetrating Model Extraction Attacks. (2023),2023,,,,,
Yan Long et al.: Side Eye: Characterizing the Limits of POV Acoustic Eavesdropping from Smartphone Cameras with Rolling Shutters and Movable Lenses. (2023),2023,,,,,
Yan Long et al.: Private Eye: On the Limits of Textual Screen Peeking via Eyeglass Reflections in Video Conferencing. (2023),2023,3,X,X,X,
Yaman Yu et al.: Design and Evaluation of Inclusive Email Security Indicators for People with Visual Impairments. (2023),2023,3,X,X,X,
Yacong Gu et al.: Investigating Package Related Security Threats in Software Registries. (2023),2023,,,,,
Yacong Gu et al.: Continuous Intrusion: Characterizing the Security of Continuous Integration Services. (2023),2023,,,,,
Xuewei Feng et al.: Man-in-the-Middle Attacks without Rogue AP: When WPAs Meet ICMP Redirects. (2023),2023,,,,,
Xueluan Gong et al.: Redeem Myself: Purifying Backdoors in Deep Learning Models using Self Attention Distillation. (2023),2023,,,,,
Yi Wu et al.: Privacy Leakage via Unrestricted Motion-Position Sensors in the Age of Virtual Reality: A Study of Snooping Typed Input on Virtual Keyboards. (2023),2023,,,,,
Xinyi Wang et al.: Effective ReDoS Detection by Principled Vulnerability Modeling and Exploit Generation. (2023),2023,,,,,
Xinhao Deng et al.: Robust Multi-tab Website Fingerprinting Attacks in the Wild. (2023),2023,,,,,
Xiaoyu Cao et al.: FedRecover: Recovering from Poisoning Attacks in Federated Learning using Historical Information. (2023),2023,3,x,x,x,
Xiaohan Zhang et al.: Understanding the (In)Security of Cross-side Face Verification Systems in Mobile Apps: A System Perspective. (2023),2023,,,,,
Xianrui Qin et al.: BlindHub: Bitcoin-Compatible Privacy-Preserving Payment Channel Hubs Supporting Variable Amounts. (2023),2023,1,"To construct BlindHub, we also introduce two new cryptographic primitives as building blocks, namely Blind Adaptor Signature (BAS), and Flexible Blind Conditional Signature (FBCS).",3,"a,b","1-BLK,6-BLK"
Xian Wu et al.: From Grim Reality to Practical Solution: Malware Classification in Real-World Noise. (2023),2023,,,,,
Wenyu Zhu et al.: Callee: Recovering Call Graphs for Binaries with Transfer and Contrastive Learning. (2023),2023,,,,,
"Wenqiang Ruan et al.: Private, Efficient, and Accurate: Protecting Models Trained by Multi-party Learning with Differential Privacy. (2023)",2023,,,,,
Wei Zong et al.: TrojanModel: A Practical Trojan Attack against Automatic Speech Recognition Systems. (2023),2023,,,,,
Yuxin Cao et al.: StyleFool: Fooling Video Classification Systems via Style Transfer. (2023),2023,3,x,x,x,
Zichen Gui et al.: Rethinking Searchable Symmetric Encryption. (2023),2023,,,,,
Zhihao Wu et al.: DepthFake: Spoofing 3D Face Authentication with a 2D Photo. (2023),2023,,,,,
Zhichuang Sun et al.: ShadowNet: A Secure and Efficient On-device Model Inference System for Convolutional Neural Networks. (2023),2023,,,,,
Zheyue Jiang et al.: AEM: Facilitating Cross-Version Exploitability Assessment of Linux Kernel Vulnerabilities. (2023),2023,,,,,
Zheyue Jiang et al.: AEM: Facilitating Cross-Version Exploitability Assessment of Linux Kernel Vulnerabilities. (2023),2023,3,X,X,X,
Zhen Sun and Vitaly Shmatikov: Telepath: A Minecraft-based Covert Communication System. (2023),2023,,,,,
"Zachary Kilhoffer et al.: ""How technical do you get? I'm an English teacher"": Teaching and Learning Cybersecurity and AI Ethics in High School. (2023)",2023,3,x,x,x,
Wei Dong et al.: Continual Observation under User-level Differential Privacy. (2023),2023,,,,,
Yueli Yan and Zhice Yang: Spoofing Real-world Face Authentication Systems through Optical Synthesis. (2023),2023,,,,,
Yuanliang Chen et al.: Tyr: Finding Consensus Failure Bugs in Blockchain System with Behaviour Divergent Model. (2023),2023,,,,,
"Yu Hao et al.: SyzDescribe: Principled, Automated, Static Generation of Syscall Descriptions for Kernel Drivers. (2023)",2023,,,,,
Yiting Qu et al.: On the Evolution of (Hateful) Memes by Means of Multimodal Contrastive Learning. (2023),2023,,,,,
Yiping Ma et al.: Flamingo: Multi-Round Single-Server Secure Aggregation with Applications to Private Federated Learning. (2023),2023,,,,,
"Yingchen Wang et al.: DVFS Frequently Leaks Secrets: Hertzbleed Attacks Beyond SIKE, Cryptography, and CPU-Only Data. (2023)",2023,2,"In this paper, we demonstrate that Hertzbleed’s effects are wide ranging, not only affecting cryptosystems beyond SIKE, but also programs beyond cryptography, and even computations occurring outside the CPU cores.",3,a,"HWM,WEB"
Yilun Wu et al.: DevFuzz: Automatic Device Model-Guided Device Driver Fuzzing. (2023),2023,,,,,
"Ruijie Zhao et al.: GeeSolver: A Generic, Efficient, and Effortless Solver with Self-Supervised Learning for Breaking Text Captchas. (2023)",2023,3,X,X,X,
Sena Sahin et al.: Investigating the Password Policy Practices of Website Administrators. (2023),2023,,,,,
Sarah Scheffler et al.: Public Verification for Private Hash Matching. (2023),2023,1,"The central contributions of this paper are novel cryptographic protocols that enable three types of public verification for PHM systems: (1) certification that external groups approve the hash set, (2) proof that particular lawful content is not in the hash set, and (3) eventual notification to users of false positive matches. The protocols that we describe are practical, efficient, and compatible with existing PHM constructions.",4,a,"GOV,LE,MIN"
Salijona Dyrmishi et al.: On The Empirical Effectiveness of Unrealistic Adversarial Hardening Against Realistic Adversarial Attacks. (2023),2023,3,X,X,X,
Sacha Servan-Schreiber et al.: Private Access Control for Function Secret Sharing. (2023),2023,1,we initiate the study of access control for FSS.,3,"a,b","AUT,ML,DDC,WEB,DAD,NWT,MSG"
Ryan Torok and Amit Levy: Only Pay for What You Leak: Leveraging Sandboxes for a Minimally Invasive Browser Fingerprinting Defense. (2023),2023,,,,,
Ruxin Wang et al.: Low-effort VR Headset User Authentication Using Head-reverberated Sounds with Replay Resistance. (2023),2023,,,,,
Ruomu Hou and Haifeng Yu: Optimistic Fast Confirmation While Tolerating Malicious Majority in Blockchains. (2023),2023,1,"we propose a novel blockchain called FLINT. FLINT tolerates fmax ≥ 1  2 and can give optimistic  execution (i.e., fast confirmation) whenever f is relatively small.",3,b,1-BLK
Ruochen Zhou et al.: DeHiREC: Detecting Hidden Voice Recorders via ADC Electromagnetic Radiation. (2023),2023,3,x,x,x,
Shahbaz Rezaei et al.: Accuracy-Privacy Trade-off in Deep Ensemble: A Membership Inference Perspective. (2023),2023,,,,,
Ruihua Wang et al.: TeSec: Accurate Server-side Attack Investigation for Web Applications. (2023),2023,3,X,X,X,
"Rui Zhu et al.: Selective Amnesia: On Efficient, High-Fidelity and Blind Suppression of Backdoor Effects in Trojaned Machine Learning Models. (2023)",2023,3,X,X,X,
Ru Ji and Meng Xu: Finding Specification Blind Spots via Fuzz Testing. (2023),2023,,,,,
"Roi Bar Zur et al.: WeRLman: To Tackle Whale (Transactions), Go Deep (RL). (2023)",2023,,,,,
Rohith Reddy Vennam et al.: mmSpoof: Resilient Spoofing of Automotive Millimeter-wave Radars using Reflect Array. (2023),2023,3,x,x,x,
Richard Roberts et al.: Blue Is the New Black (Market): Privacy Leaks and Re-Victimization from Police-Auctioned Cellphones. (2023),2023,3,X,X,X,
Ravi Theja Gollapudi et al.: Control Flow and Pointer Integrity Enforcement in a Secure Tagged Architecture. (2023),2023,,,,,
Stephanie de Smale et al.: No One Drinks From the Firehose: How Organizations Filter and Prioritize Vulnerability Information. (2023),2023,,,,,
Tyler Tucker et al.: Blue's Clues: Practical Discovery of Non-Discoverable Bluetooth Devices. (2023),2023,,,,,
Tianyu Zheng et al.: Leaking Arbitrarily Many Secrets: Any-out-of-Many Proofs and Applications to RingCT Protocols. (2023),2023,1,an efficient partial knowledge proof that can be used as a plug-and-play algorithm in RingCT to improve the performance,3,a,"1-BLK,6-BLK"
Tiantian Liu et al.: MagBackdoor: Beware of Your Loudspeaker as A Backdoor For Magnetic Injection Attacks. (2023),2023,,,,,
Tao Ni et al.: Uncovering User Interactions on Smartphones via Contactless Wireless Charging Side Channels. (2023),2023,3,x,x,x,
Taehun Kim et al.: DevIOus: Device-Driven Side-Channel Attacks on the IOMMU. (2023),2023,,,,,
Rafaël del Pino et al.: High-Order Masking of Lattice Signatures in Quasilinear Time. (2023),2023,1,"Raccoon, a lattice-based signature scheme specifically for side-channel resistance and optimize the masked efficiency as a function of the number of shares.",3,b,"NIST,PQC,AUT,6-BLK,NWT,HWM"
Stefan Gast et al.: SQUIP: Exploiting the Scheduler Queue Contention Side Channel. (2023),2023,,,,,
"Soheil Khodayari and Giancarlo Pellegrino: It's (DOM) Clobbering Time: Attack Techniques, Prevalence, and Defenses. (2023)",2023,,,,,
Sk Adnan Hassan et al.: Improving Developers' Understanding of Regex Denial of Service Tools through Anti-Patterns and Fix Strategies. (2023),2023,,,,,
Sijun Tan et al.: MPCAuth: Multi-factor Authentication for Distributed-trust Systems. (2023),2023,,,,,
Sicong Cao et al.: ODDFuzz: Discovering Java Deserialization Vulnerabilities via Structure-Aware Directed Greybox Fuzzing. (2023),2023,3,X,X,X,
Shuo Wang et al.: PublicCheck: Public Integrity Verification for Services of Run-time Deep Models. (2023),2023,3,X,X,X,
Shubham Jain et al.: Deep perceptual hashing algorithms with hidden dual purpose: when client-side scanning does facial recognition. (2023),2023,,,,,
Shu Wang et al.: GraphSPD: Graph-Based Security Patch Detection with Enriched Code Semantics. (2023),2023,3,X,X,X,
Shengwei An et al.: ImU: Physical Impersonating Attack for Face Recognition System with Natural Style Changes. (2023),2023,,,,,
Hammond Pearce et al.: Examining Zero-Shot Vulnerability Repair with Large Language Models. (2023),2023,,,,,
"Hosein Yavarzadeh et al.: Half&Half: Demystifying Intel's Directional Branch Predictors for Fast, Secure Partitioned Execution. (2023)",2023,,,,,
"Hosein Yavarzadeh et al.: Half&Half: Demystifying Intel's Directional Branch Predictors for Fast, Secure Partitioned Execution. (2023)",2023,,,,,
Hong Zhu et al.: AI-Guardian: Defeating Adversarial Attacks using Backdoors. (2023),2023,,,,,
Hidde Lycklama et al.: RoFL: Robustness of Secure Federated Learning. (2023),2023,,,,,
Harsh Chaudhari et al.: SNAP: Efficient Extraction of Private Properties with Poisoning. (2023),2023,,,,,
Harm Griffioen and Christian Doerr: Could you clean up the Internet with a Pit of Tar? Investigating tarpit feasibility on Internet worms. (2023),2023,,,,,
Haoyang Li et al.: 3DFed: Adaptive and Extensible Framework for Covert Backdoor Attack in Federated Learning. (2023),2023,3,X,X,X,
"Hao-Ping Hank Lee et al.: When and Why Do People Want Ad Targeting Explanations? Evidence from a Four-Week, Mixed-Methods Field Study. (2023)",2023,,,,,
Hanshen Xiao et al.: A Theory to Instruct Differentially-Private Learning via Clipping Bias Reduction. (2023),2023,1,enhancements to gradient clipping technique via bias reduction for deep learning with differential privacy,3,b,ML
Hammond Pearce et al.: Examining Zero-Shot Vulnerability Repair with Large Language Models. (2023),2023,3,X,X,X,
Huancheng Zhou et al.: Mew: Enabling Large-Scale and Dynamic Link-Flooding Defenses on Programmable Switches. (2023),2023,,,,,
Habiba Farrukh et al.: One Key to Rule Them All: Secure Group Pairing for Heterogeneous IoT Devices. (2023),2023,3,X,X,X,
Gabriel Ryan et al.: Precise Detection of Kernel Data Races with Probabilistic Lockset Analysis. (2023),2023,,,,,
Evan Johnson et al.: WaVe: a verifiably secure WebAssembly sandboxing runtime. (2023),2023,,,,,
Ertem Nusret Tas et al.: Bitcoin-Enhanced Proof-of-Stake Security: Possibilities and Impossibilities. (2023),2023,,,,,
Erik-Oliver Blass and Florian Kerschbaum: Private Collaborative Data Cleaning via Non-Equi PSI. (2023),2023,,,,,
Erik-Oliver Blass and Florian Kerschbaum: Private Collaborative Data Cleaning via Non-Equi PSI. (2023),2023,,,,,
Jeremiah Blocki and Peiyuan Liu: Towards a Rigorous Statistical Analysis of Empirical Password Datasets. (2023),2023,,,,,
Kangjie Lu: Practical Program Modularization with Type-Based Dependence Analysis. (2023),2023,3,x,x,x,
Kai Wang et al.: Volttack: Control IoT Devices by Manipulating Power Supply Voltage. (2023),2023,3,X,X,X,
Julie M. Haney and Susanne M. Furman: User Perceptions and Experiences with Smart Home Updates. (2023),2023,,,,,
Joshua Gancher et al.: Owl: Compositional Verification of Security Protocols via an Information-Flow Type System. (2023),2023,3,X,X,X,
Jonas Juffinger et al.: CSI:Rowhammer - Cryptographic Security and Integrity against Rowhammer. (2023),2023,,,,,
Johannes Willbold et al.: Space Odyssey: An Experimental Software Security Analysis of Satellites. (2023),2023,,,,,
"Jinyang Ding et al.: Discop: Provably Secure Steganography in Practice Based on ""Distribution Copies"". (2023)",2023,,,,,
"Jingjie Li et al.: ""It's up to the Consumer to be Smart"": Understanding the Security and Privacy Attitudes of Smart Home Users on Reddit. (2023)",2023,,,,,
Jiawei Yin et al.: RSFuzzer: Discovering Deep SMI Handler Vulnerabilities in UEFI Firmware with Hybrid Fuzzing. (2023),2023,,,,,
Jianhao Xu et al.: WarpAttack: Bypassing CFI through Compiler-Introduced Double-Fetches. (2023),2023,3,x,x,x,
Jiameng Pu et al.: Deepfake Text Detection: Limitations and Opportunities. (2023),2023,3,X,X,X,
Erik Trickel et al.: Toss a Fault to Your Witcher: Applying Grey-box Coverage-Guided Mutational Fuzzing to Detect SQL and Command Injection Vulnerabilities. (2023),2023,3,X,X,X,
Jason Ceci et al.: No Privacy in the Electronics Repair Industry. (2023),2023,,,,,
"Jaron Mink et al.: Everybody's Got ML, Tell Me What Else You Have: Practitioners' Perception of ML-Based Security Tools and Explanations. (2023)",2023,,,,,
Jannis Rautenstrauch et al.: The Leaky Web: Automated Discovery of Cross-Site Information Leaks in Browsers and the Web. (2023),2023,3,X,X,X,
James Patrick-Evans et al.: XFL: Naming Functions in Binaries with Extreme Multi-label Learning. (2023),2023,,,,,
Jack Doerner et al.: Threshold BBS+ Signatures for Distributed Anonymous Credential Issuance. (2023),2023,,,,,
Imtiaz Karim et al.: BLEDiff: Scalable and Property-Agnostic Noncompliance Checking for BLE Implementations. (2023),2023,,,,,
HyungSeok Han et al.: QueryX: Symbolic Query on Decompiled Code for Finding Bugs in COTS Binaries. (2023),2023,3,X,X,X,
Huiyu Fang et al.: Locally Differentially Private Frequency Estimation Based on Convolution Framework. (2023),2023,,,,,
Andrew D. Loveless et al.: PCSPOOF: Compromising the Safety of Time-Triggered Ethernet. (2023),2023,3,x,x,x,
Bokdeuk Jeong et al.: UTopia: Automatic Generation of Fuzz Driver using Unit Tests. (2023),2023,3,X,X,X,
Benjamin Fuller et al.: Adaptive Risk-Limiting Comparison Audits. (2023),2023,,,,,
Basavesh Ammanaghatta Shivakumar et al.: Typing High-Speed Cryptography against Spectre v1. (2023),2023,,,,,
Basavesh Ammanaghatta Shivakumar et al.: Spectre Declassified: Reading from the Right Place at the Wrong Time. (2023),2023,,,,,
Atri Bhattacharyya et al.: SecureCells: A Secure Compartmentalized Architecture. (2023),2023,,,,,
Arslan Khan et al.: Low-Cost Privilege Separation with Compile Time Compartmentalization for Embedded Systems. (2023),2023,,,,,
Arslan Khan et al.: EC: Embedded Systems Compartmentalization via Intra-Kernel Isolation. (2023),2023,3,X,X,X,
Anna Maria Mandalari et al.: Protected or Porous: A Comparative Analysis of Threat Detection Capability of IoT Safeguards. (2023),2023,3,x,x,x,
Boya Wang et al.: Not Yet Another Digital ID: Privacy-Preserving Humanitarian Aid Distribution. (2023),2023,1,we build a safe digital aid-distribution system.,4,"a,b,c","PGTS,NGO"
Andreas Hülsing et al.: SPHINCS+C: Compressing SPHINCS+ With (Almost) No Cost. (2023),2023,,,,,
Andreas Brüggemann et al.: FLUTE: Fast and Secure Lookup Table Evaluations. (2023),2023,,,,,
Andre Kassis and Urs Hengartner: Breaking Security-Critical Voice Authentication. (2023),2023,,,,,
Ali Ahad et al.: Pyfet: Forensically Equivalent Transformation for Python Binary Decompilation. (2023),2023,,,,,
Ahmed Salem et al.: SoK: Let the Privacy Games Begin! A Unified Treatment of Data Inference Privacy in Machine Learning. (2023),2023,,,,,
David Froelicher et al.: Scalable and Privacy-Preserving Federated Principal Component Analysis. (2023),2023,,,,,
Erik C. Rye and Robert Beverly: IPvSeeYou: Exploiting Leaked Identifiers in IPv6 for Street-Level Geolocation. (2023),2023,,,,,
Endres Puschner et al.: Red Team vs. Blue Team: A Real-World Hardware Trojan Detection Case Study Across Four Modern CMOS Technology Generations. (2023),2023,3,X,X,X,
Emily Wenger et al.: SoK: Anti-Facial Recognition Technology. (2023),2023,,,,,
Eleni Gkiouzepi et al.: Collaborative Ad Transparency: Promises and Limitations. (2023),2023,,,,,
Edward Chen et al.: Silph: A Framework for Scalable and Accurate Generation of Hybrid MPC Protocols. (2023),2023,1,"""In this paper, we present Silph, a framework that can automatically compile a program written in a high-level language to an optimized, hybrid MPC protocol that mixes multiple MPC primitives securely and efficiently.""",2,"a,b,c","BMD,DAD,BNK,SE,ML"
Duc Bui et al.: Detection of Inconsistencies in Privacy Practices of Browser Extensions. (2023),2023,3,X,X,X,
Donghui Dai et al.: Inducing Wireless Chargers to Voice Out for Inaudible Command Attacks. (2023),2023,,,,,
"Dominik Wermke et al.: ""Always Contribute Back"": A Qualitative Study on Security Challenges of the Open Source Supply Chain. (2023)",2023,3,X,X,X,
Dinglan Peng et al.: μSwitch: Fast Kernel Context Isolation with Implicit Context Switches. (2023),2023,,,,,
"Dilara Keküllüoglu and Yasemin Acar: ""We are a startup to the core"": A qualitative interview study on the security and privacy development practices in Turkish software startups. (2023)",2023,,,,,
Moses Ike et al.: Scaphy: Detecting Modern ICS Attacks by Correlating Behaviors in SCADA and PHYsical. (2023),2023,3,X,X,X,
Dario Pasquini et al.: On the (In)security of Peer-to-Peer Decentralized Machine Learning. (2023),2023,,,,,
Dae R. Jeong et al.: SegFuzz: Segmentizing Thread Interleaving to Discover Kernel Concurrency Bugs through Fuzzing. (2023),2023,,,,,
"Collins W. Munyendo et al.: ""In Eighty Percent of the Cases, I Select the Password for Them"": Security and Privacy Challenges, Advice, and Opportunities at Cybercafes in Kenya. (2023)",2023,,,,,
Chong Xiang et al.: ObjectSeeker: Certifiably Robust Object Detection against Patch Hiding Attacks via Patch-agnostic Masking. (2023),2023,,,,,
Chijin Zhou et al.: Limits of I/O Based Ransomware Detection: An Imitation Based Attack. (2023),2023,,,,,
Changhua Luo et al.: SelectFuzz: Efficient Directed Fuzzing with Selective Path Exploration. (2023),2023,,,,,
Ce Feng et al.: Spectral-DP: Differentially Private Deep Learning through Spectral Perturbation and Filtering. (2023),2023,,,,,
Carolyn Guthoff et al.: Perceptions of Distributed Ledger Technology Key Management - An Interview Study with Finance Professionals. (2023),2023,3,X,X,X,
Brian Singer et al.: Shedding Light on Inconsistencies in Grid Cybersecurity: Disconnects and Recommendations. (2023),2023,3,X,X,X,
Michael Rosenberg et al.: zk-creds: Flexible Anonymous Credentials from zkSNARKs and Existing Identity Infrastructure. (2023),2023,1,new system zk-creds for transforming zk proofs into anonymous credentials flexibly to suit real-world parameters like not having an issuing authority and basing them on existing IDs,3,a ,"AUT,WEB,PH,GVE"
Matilda Backendal et al.: MEGA: Malleable Encryption Goes Awry. (2023),2023,2,cryptanalysis of MEGA,4,c,"WEB,DDC"
Lorenzo Veronese et al.: WebSpec: Towards Machine-Checked Analysis of Browser Security Mechanisms. (2023),2023,3,X,X,X,
Lijing Zhou et al.: Bicoptor: Two-round Secure Three-party Non-linear Computation without Preprocessing for Privacy-preserving Machine Learning. (2023),2023,1,"introduces a family of novel secure three-party computation (3PC) protocols, Bicoptor, which improve the efficiency of evaluating non-linear function",2,b,"DAD,ML"
Koksal Mus et al.: Jolt: Recovering TLS Signing Keys via Rowhammer Faults. (2023),2023,,,,,
Mohammad M. Ahmadpanah et al.: LazyTAP: On-Demand Data Minimization for Trigger-Action Applications. (2023),2023,3,X,X,X,
Mafalda Ferreira et al.: RuleKeeper: GDPR-Aware Personal Data Compliance for Web Frameworks. (2023),2023,,,,,
Maximilian Noppel et al.: Disguising Attacks with Explanation-Aware Backdoors. (2023),2023,,,,,
Lucien K. L. Ng and Sherman S. M. Chow: SoK: Cryptographic Neural-Network Computation. (2023),2023,,,,,
Kunming Jiang et al.: Less is more: refinement proofs for probabilistic proofs. (2023),2023,1,"a general-purpose framework for faster probabilistic proofs, called Distiller, in which a user translates to constraints not the original computation but an abstracted specification of it.",3,"a,c","1-BLK,6-BLK,DAD"
Mathew Hogan et al.: DBREACH: Stealing from Databases Using Compression Side Channels. (2023),2023,3,X,X,X,
Mayank Rathee et al.: ELSA: Secure Aggregation for Federated Learning with Malicious Actors. (2023),2023,,,,,
Maurice Weber et al.: RAB: Provable Robustness Against Backdoor Attacks. (2023),2023,3,x,x,x,
Lucjan Hanzlik et al.: Token meets Wallet: Formalizing Privacy and Revocation for FIDO2. (2023),2023,1,"In this paper, we revisit the security of the WebAuthn component of FIDO2 as implemented in practice. Our contributions are as follows. (1) We adapt the model of Barbosa et al. so as to capture authentication tokens using key derivation or key wrapping. (2) We provide the first formal definition of privacy for the WebAuthn component of FIDO2. We then prove the privacy of this component in common FIDO2 token implementations if the underlying building blocks are chosen appropriately. (3)",4,c,AUT
Kushal Babel et al.: Clockwork Finance: Automated Analysis of Economic Security in Smart Contracts. (2023),2023,,,,,
Limin Yang et al.: Jigsaw Puzzle: Selective Backdoor Attack to Subvert Malware Classifiers. (2023),2023,3,X,X,X,
Miranda Wei et al.: Skilled or Gullibleƒ Gender Stereotypes Related to Computer Security and Privacy. (2023),2023,3,X,X,X,
Lukas Giner et al.: Scatter and Split Securely: Defeating Cache Contention and Occupancy Attacks. (2023),2023,,,,,
Michele Marazzi et al.: REGA: Scalable Rowhammer Mitigation with Refresh-Generating Activations. (2023),2023,3,X,X,X,
Leemon Baird et al.: Threshold Signatures in the Multiverse. (2023),2023,,,,,
Kevin Choi et al.: SoK: Distributed Randomness Beacons. (2023),2023,,,,,
Martin R. Albrecht et al.: Practically-exploitable Cryptographic Vulnerabilities in Matrix. (2023),2023,,,,,
Muhammad Adil Inam et al.: SoK: History is a Vast Early Warning System: Auditing the Provenance of System Intrusions. (2023),2023,,,,,
Liyi Zhou et al.: SoK: Decentralized Finance (DeFi) Attacks. (2023),2023,,,,,
Martin Schwarzl et al.: Practical Timing Side-Channel Attacks on Memory Compression. (2023),2023,3,x,x,x,
Mike Graf et al.: AUC: Accountable Universal Composability. (2023),2023,,,,,
Lukas Gerlach et al.: A Security RISC: Microarchitectural Attacks on Hardware RISC-V CPUs. (2023),2023,3,x,x,x,
Marzieh Bitaab et al.: Beyond Phish: Toward Detecting Fraudulent e-Commerce Websites at Scale. (2023),2023,,,,,
"Lisa Geierhaas et al.: Attitudes towards Client-Side Scanning for CSAM, Terrorism, Drug Trafficking, Drug Use and Tax Evasion in Germany. (2023)",2023,,,,,
Linyi Li et al.: SoK: Certified Robustness for Deep Neural Networks. (2023),2023,,,,,
Kelsey R. Fulton et al.: Vulnerability Discovery for All: Experiences of Marginalization in Vulnerability Discovery. (2023),2023,,,,,
Linard Arquint et al.: Sound Verification of Security Protocols: From Design to Interoperable Implementations. (2023),2023,2,"We propose a novel approach to end-to-end verified security protocol implementations. Our approach leverages the combined power of state-of-the-art security protocol verifiers and source code verifiers. This provides abstract, concise, and expressive security protocol specifications on the modeling side and flexibility and versatility on the implementation side.",3,a,CNP
Kavita Kumari et al.: BayBFed: Bayesian Backdoor Defense for Federated Learning. (2023),2023,,,,,
Lin Ma et al.: When Top-down Meets Bottom-up: Detecting and Exploiting Use-After-Cleanup Bugs in Linux Kernel. (2023),2023,,,,,
Marcel Fourné et al.: It's like flossing your teeth: On the Importance and Challenges of Reproducible Builds for Software Supply Chain Security. (2023),2023,3,X,X,X,
Marcel Busch et al.: TEEzz: Fuzzing Trusted Applications on COTS Android Devices. (2023),2023,,,,,
Mingqing Kang et al.: Scaling JavaScript Abstract Interpretation to Detect and Exploit Node.js Taint-style Vulnerability. (2023),2023,,,,,
Chris Brzuska et al.: Security Analysis of the MLS Key Derivation. (2022),2022,,,,,
Daniele Lain et al.: Phishing in Organizations: Findings from a Large-Scale and Long-Term Study. (2022),2022,,,,,
Omer Akgul et al.: Investigating Influencer VPN Ads on YouTube. (2022),2022,,,,,
Chijung Jung et al.: SWARMFLAWFINDER: Discovering and Exploiting Logic Flaws of Swarm Algorithms. (2022),2022,,,,,
Yingqi Liu et al.: Piccolo: Exposing Complex Backdoors in NLP Transformer Models. (2022),2022,3,x,x,x,
Mengyuan Li et al.: A Systematic Look at Ciphertext Side Channels on AMD SEV-SNP. (2022),2022,,,,,
Noel Warford et al.: SoK: A Framework for Unifying At-Risk User Research. (2022),2022,,,,,
Cas Cremers et al.: A Logic and an Interactive Prover for the Computational Post-Quantum Security of Protocols. (2022),2022,,,,,
Patrick Jattke et al.: BLACKSMITH: Scalable Rowhammering in the Frequency Domain. (2022),2022,,,,,
Eric Pauley et al.: Measuring and Mitigating the Risk of IP Reuse on Public Clouds. (2022),2022,,,,,
Emma Dauterman et al.: Waldo: A Private Time-Series Database from Function Secret Sharing. (2022),2022,1,"private time-series database from function secret sharing that is more efficient than other secure options such as MPC (but also probably less efficient than the ""leaky"" options they discuss in the intro but don't test) ",3,a,"CC,DDC,BMD
"
Marton Bognar et al.: Mind the Gap: Studying the Insecurity of Provably Secure Embedded Trusted Execution Architectures. (2022),2022,3,X,X,X,
Paul Staat et al.: IRShield: A Countermeasure Against Adversarial Physical-Layer Wireless Sensing. (2022),2022,,,,,
Paul Staat et al.: Anti-Tamper Radio: System-Level Tamper Detection for Computing Systems. (2022),2022,,,,,
Dongdong She et al.: Effective Seed Scheduling for Fuzzing with Graph Centrality Analysis. (2022),2022,,,,,
Dominik Wermke et al.: Committed to Trust: A Qualitative Study on Security & Trust in Open Source Software Projects. (2022),2022,,,,,
"Xuancheng Jin et al.: Annotating, Tracking, and Protecting Cryptographic Secrets with CryptoMPK. (2022)",2022,3,X,X,X,
Ding Wang et al.: How to Attack and Generate Honeywords. (2022),2022,,,,,
Christian Stransky et al.: 27 Years and 81 Million Opportunities Later: Investigating the Use of Email Encryption for an Entire University. (2022),2022,,,,,
Deevashwer Rathee et al.: SecFloat: Accurate Floating-Point meets Secure 2-Party Computation. (2022),2022,1,"build a library SECFLOAT2
for secure 2-party computation of 32-bit floating-point arithmetic which is up to six
orders of magnitude more accurate and up to three orders of
magnitude more efficient than prior work ",2,a,CRY
Patrick Cronin et al.: Time-Print: Authenticating USB Flash Drives with Novel Timing Fingerprints. (2022),2022,,,,,
Yan Jiang et al.: WIGHT: Wired Ghost Touch Attack on Capacitive Touchscreens. (2022),2022,3,X,X,X,
Yanan Guo et al.: Adversarial Prefetch: New Cross-Core Cache Side Channel Attacks. (2022),2022,3,X,X,X,
Michael Rosenberg et al.: SNARKBlock: Federated Anonymous Blocklisting from Hidden Common Input Aggregate Proofs. (2022),2022,,,,,
Damiano Abram et al.: Low-Bandwidth Threshold ECDSA via Pseudorandom Correlation Generators. (2022),2022,,,,,
Önder Askin et al.: Statistical Quantification of Differential Privacy: A Local Approach. (2022),2022,3,X,X,X,
"Collins W. Munyendo et al.: ""Desperate Times Call for Desperate Measures"": User Concerns with Mobile Loan Apps in Kenya. (2022)",2022,,,,,
Zhenghao Hu and Brendan Dolan-Gavitt: IRQDebloat: Reducing Driver Attack Surface in Embedded Devices. (2022),2022,,,,,
Amit Seal Ami et al.: Why Crypto-detectors Fail: A Systematic Evaluation of Cryptographic Misuse Detection Techniques. (2022),2022,,,,,
Zhenpeng Lin et al.: GREBE: Unveiling Exploitation Potential for Linux Kernel Bugs. (2022),2022,,,,,
Alyssa Milburn et al.: Mitigating Information Leakage Vulnerabilities with Type-based Data Isolation. (2022),2022,,,,,
Mustafa Abdallah et al.: TASHAROK: Using Mechanism Design for Enhancing Security Resource Allocation in Interdependent Systems. (2022),2022,3,X,X,X,
Zhi Li et al.: Robbery on DevOps: Understanding and Mitigating Illicit Cryptomining on Continuous Integration Service Platforms. (2022),2022,,,,,
Zhi Yang et al.: FSAFlow: Lightweight and Fast Dynamic Path Tracking and Control for Privacy Protection on Android Using Hybrid Analysis with State-Reduction Strategy. (2022),2022,3,X,X,X,
Zhibo Liu et al.: SoK: Demystifying Binary Lifters Through the Lens of Downstream Applications. (2022),2022,,,,,
"Alex Ozdemir et al.: CirC: Compiler infrastructure for proof systems, software verification, and more. (2022)",2022,3,X,X,X,
Zhiju Yang et al.: WTAGRAPH: Web Tracking and Advertising Detection using Graph Neural Networks. (2022),2022,,,,,
Zhiqiang Xu et al.: DEPCOMM: Graph Summarization on System Audit Logs for Attack Investigation. (2022),2022,,,,,
"Ananta Soneji et al.: ""Flawed, but like democracy we don't have a better system"": The Experts' Insights on the Peer Review Process of Evaluating Security Papers. (2022)",2022,,,,,
Albert Cheu and Maxim Zhilyaev: Differentially Private Histograms in the Shuffle Model from Fake Users. (2022),2022,3,x,x,x,
Alan Romano et al.: Wobfuscator: Obfuscating JavaScript Malware via Opportunistic Translation to WebAssembly. (2022),2022,3,x,x,x,
Muhammed F. Esgin et al.: MatRiCT<sup>+</sup>: More Efficient Post-Quantum Private Blockchain Payments. (2022),2022,,,,,
Adnan Siraj Rakin et al.: DeepSteal: Advanced Model Extractions Leveraging Efficient Weight Stealing in Memories. (2022),2022,,,,,
Adithya Vadapalli et al.: Sabre: Sender-Anonymous Messaging with Fast Audits. (2022),2022,1,"Sabre, a family of sender-anonymous messaging protocols with instances supporting both Twitterlike anonymous bulletin boards and Secure Drop-like mailboxes",3,a,"PGTS,JUR,LE,WEB"
Zihao Jin et al.: Timing-Based Browsing Privacy Vulnerabilities Via Site Isolation. (2022),2022,,,,,
Zihao Zhan et al.: Graphics Peeping Unit: Exploiting EM Side-Channel Information of GPUs to Eavesdrop on Your Neighbors. (2022),2022,,,,,
Adil Ahmad et al.: HARDLOG: Practical Tamper-Proof System Auditing Using a Novel Audit Device. (2022),2022,,,,,
Nicholas Boucher et al.: Bad Characters: Imperceptible NLP Attacks. (2022),2022,3,x,x,x,
Youssef Tobah et al.: SpecHammer: Combining Spectre and Rowhammer for New Speculative Attacks. (2022),2022,,,,,
Nils Lukas et al.: SoK: How Robust is Image Classification Deep Neural Network Watermarking? (2022),2022,,,,,
Borke Obada-Obieh et al.: SoK: The Dual Nature of Technology in Sexual Abuse. (2022),2022,,,,,
Borja Balle et al.: Reconstructing Training Data with Informed Adversaries. (2022),2022,,,,,
Nicola Ruaro et al.: SYMBEXCEL: Automated Analysis and Understanding of Malicious Excel 4.0 Macros. (2022),2022,,,,,
Michele Marazzi et al.: ProTRR: Principled yet Optimal In-DRAM Target Row Refresh. (2022),2022,,,,,
Yuhao Mao et al.: Transfer Attacks Revisited: A Large-Scale Empirical Study in Real Computer Vision Settings. (2022),2022,3,X,X,X,
Ayush Agarwal et al.: Spook.js: Attacking Chrome Strict Site Isolation via Speculative Execution. (2022),2022,,,,,
Nicholas Carlini et al.: Membership Inference Attacks From First Principles. (2022),2022,3,x,x,x,
Yun Shen et al.: Model Stealing Attacks Against Inductive Graph Neural Networks. (2022),2022,,,,,
"Bruno Blanchet et al.: ProVerif with Lemmas, Induction, Fast Subsumption, and Much More. (2022)",2022,3,x,x,x,
Yunlong Lyu et al.: Goshawk: Hunting Memory Corruptions via Structure-Aware and Object-Centric Memory Operation Synopsis. (2022),2022,,,,,
Yuxi Wu et al.: SoK: Social Cybersecurity. (2022),2022,,,,,
Mingxun Zhou et al.: Locally Differentially Private Sparse Vector Aggregation. (2022),2022,,,,,
Animesh Chhotaray and Thomas Shrimpton: Hardening Circuit-Design IP Against Reverse-Engineering Attacks. (2022),2022,1,"formal syntax for design-hiding (DH) schemes, a cryptographic primitive that encompasses all known designstage methods to hide the circuit that is handed to a (potentially adversarial) foundry for fabrication. We give two security notions for this primitive: function recovery (FR) and key recovery (KR). The former is the ostensible goal of design-hiding methods to prevent reverse-engineering the functionality of the circuit, but most prior work has focused on the latter. We then present the first provably (FR,KR)-secure DH scheme, OneChaffhd.",2,a,HWM
Miranda Christ et al.: Differential Privacy and Swapping: Examining De-Identification's Impact on Minority Representation and Privacy Preservation in the U.S. Census. (2022),2022,2,"""There has been considerable controversy regarding the accuracy and privacy of de-identification mechanisms used in the U.S. Decennial Census. We theoretically and experimentally analyze two such classes of mechanisms, swapping and differential privacy, especially examining their effects on ethnoracial minority groups.""",4,"a,c","MIN,DCC,PGTS"
Andreea-Ina Radu et al.: Practical EMV Relay Protection. (2022),2022,3,x,x,x,
Andreas Kogler et al.: Finding and Exploiting CPU Features using MSR Templating. (2022),2022,3,x,x,x,
Mohammad Ghasemisharif et al.: Towards Automated Auditing for Account and Session Management Flaws in Single Sign-On Deployments. (2022),2022,,,,,
Mohammad Hammas Saeed et al.: TrollMagnifier: Detecting State-Sponsored Troll Accounts on Reddit. (2022),2022,3,X,X,X,
Nariyoshi Chida and Tachio Terauchi: Repairing DoS Vulnerability of Real-World Regexes. (2022),2022,,,,,
Lei Zhang et al.: Exploit the Last Straw That Breaks Android Systems. (2022),2022,,,,,
Jie Liang et al.: PATA: Fuzzing with Path Aware Taint Analysis. (2022),2022,3,X,X,X,
Se Eun Oh et al.: DeepCoFFEA: Improved Flow Correlation Attacks on Tor via Metric Learning and Amplification. (2022),2022,,,,,
Jiawei Yin et al.: Finding SMM Privilege-Escalation Vulnerabilities in UEFI Firmware with Protocol-Centric Static Analysis. (2022),2022,,,,,
Jianliang Wu et al.: Formal Model-Driven Discovery of Bluetooth Protocol Design Vulnerabilities. (2022),2022,,,,,
Jiankai Jin et al.: Are We There Yet? Timing and Floating-Point Attacks on Differential Privacy Systems. (2022),2022,,,,,
Shangyu Xie et al.: Universal 3-Dimensional Perturbations for Black-Box Attacks on Video Recognition Systems. (2022),2022,,,,,
Kyle Hogan et al.: ShorTor: Improving Tor Network Latency via Multi-hop Overlay Routing. (2022),2022,,,,,
Shixuan Zhao et al.: vSGX: Virtualizing SGX Enclaves on AMD SEV. (2022),2022,,,,,
"Jialuo Chen et al.: Copy, Right? A Testing Framework for Copyright Protection of Deep Learning Models. (2022)",2022,3,X,X,X,
Jiajun Gong et al.: Surakav: Generating Realistic Traces for a Strong Website Fingerprinting Defense. (2022),2022,,,,,
Robin Vassantlal et al.: COBRA: Dynamic Proactive Secret Sharing for Confidential BFT Services. (2022),2022,,,,,
Kyungtae Kim et al.: FuzzUSB: Hybrid Stateful Fuzzing of USB Gadget Stacks. (2022),2022,3,x,x,x,
"Jan Jancar et al.: ""They're not that hard to mitigate"": What Cryptographic Library Developers Think About Timing Attacks. (2022)",2022,3,X,X,X,
Lei Zhou et al.: Smile: Secure Memory Introspection for Live Enclave. (2022),2022,3,x,x,x,
James K. Howes IV et al.: Security Foundations for Application-Based Covert Communication Channels. (2022),2022,,,,,
Sisi Duan and Haibin Zhang: Foundations of Dynamic BFT. (2022),2022,,,,,
Liang Feng Zhang and Huaxiong Wang: Multi-Server Verifiable Computation of Low-Degree Polynomials. (2022),2022,1,"In this paper we define a multi-server verifiable computation (MSVC) model where the client secret-shares its input x among non-communicating servers, each server locally computes a function F to get a partial result, and finally the client reconstructs F (x) from all partial results. We construct five MSVC schemes for outsourcing lowdegree polynomials and thus answer the open question for such polynomials.",1,b,CRY
Ivan De Oliveira Nunes et al.: Privacy-from-Birth: Protecting Sensed Data from Malicious Sensors with VERSA. (2022),2022,1,"In this work, we formalize PfB and design Verified Remote Sensing Authorization (VERSA) – a provably secure and formally verified architecture guaranteeing that only correct execution of expected and explicitly authorized software can access and manipulate sensing interfaces, specifically, General Purpose Input/Output (GPIO), which is the usual boundary between analog and digital worlds on IoT devices",3,b,"HWM,NWT,DLD"
Iskander Sánchez-Rola et al.: Journey to the Center of the Cookie Ecosystem: Unraveling Actors' Roles and Relationships. (2022),2022,3,X,X,X,
"Soheil Khodayari and Giancarlo Pellegrino: The State of the SameSite: Studying the Usage, Effectiveness, and Adequacy of SameSite Cookies. (2022)",2022,3,X,X,X,
Son Ho et al.: Noise*: A Library of Verified High-Performance Secure Channel Protocol Implementations. (2022),2022,,,,,
Sonia Belaïd et al.: IronMask: Versatile Verification of Masking Security. (2022),2022,3,X,X,X,
Johnny So et al.: Domains Do Change Their Spots: Quantifying Potential Abuse of Residual Trust. (2022),2022,,,,,
Kaihua Qin et al.: Quantifying Blockchain Extractable Value: How dark is the forest? (2022),2022,,,,,
Junpeng Wan et al.: MeshUp: Stateless Cache Side-channel Attack on CPU Mesh. (2022),2022,,,,,
Jun Zeng et al.: SHADEWATCHER: Recommendation-guided Cyber Threat Analysis using System Audit Records. (2022),2022,,,,,
Ruomu Hou et al.: Using Throughput-Centric Byzantine Broadcast to Tolerate Malicious Majority in Blockchains. (2022),2022,3,X,X,X,
Julian Speith et al.: How Not to Protect Your IP - An Industry-Wide Break of IEEE 1735 Implementations. (2022),2022,2,"In this paper, we outline structural weaknesses in IEEE 1735 that cannot be fixed with cryptographic solutions (given the contemporary hardware design process) and thus render the standard inherently insecure",4,"a,c",HWM
Ju Chen et al.: JIGSAW: Efficient and Scalable Path Constraints Fuzzing. (2022),2022,,,,,
"Rui Zhang et al.: ""Adversarial Examples"" for Proof-of-Learning. (2022)",2022,,,,,
Jose Rodrigo Sanchez Vicarte et al.: Augury: Using Data Memory-Dependent Prefetchers to Leak Data at Rest. (2022),2022,3,X,X,X,
Sacha Servan-Schreiber et al.: Private Approximate Nearest Neighbor Search with Sublinear Communication. (2022),2022,,,,,
Saeed Mahloujifar et al.: Property Inference from Poisoning. (2022),2022,3,x,x,x,
Hyungsub Kim et al.: PGPatch: Policy-Guided Logic Bug Patching for Robotic Vehicles. (2022),2022,3,x,x,x,
John V. Monaco: Device Fingerprinting with Peripheral Timestamps. (2022),2022,,,,,
"Samir Jordan Menon and David J. Wu: SPIRAL: Fast, High-Rate Single-Server PIR via FHE Composition. (2022)",2022,,,,,
Samuel Steffen et al.: ZeeStar: Private Smart Contracts by Homomorphic Encryption and Zero-knowledge Proofs. (2022),2022,,,,,
Jiska Classen et al.: Attacks on Wireless Coexistence: Exploiting Cross-Technology Performance Features for Inter-Chip Privilege Escalation. (2022),2022,,,,,
Jinwen Wang et al.: RT-TEE: Real-time System Availability for Cyber-physical Systems using ARM TrustZone. (2022),2022,,,,,
Saravanan Thirumuruganathan et al.: SIRAJ: A Unified Framework for Aggregation of Malicious Entity Detectors. (2022),2022,,,,,
Geng Hong et al.: Analyzing Ground-Truth Data of Mobile Gambling Scams. (2022),2022,3,X,X,X,
Preethi Santhanam et al.: Scraping Sticky Leftovers: App User Information Left on Servers After Account Deletion. (2022),2022,3,X,X,X,
Hammond Pearce et al.: Asleep at the Keyboard? Assessing the Security of GitHub Copilot's Code Contributions. (2022),2022,,,,,
Virat Shejwalkar et al.: Back to the Drawing Board: A Critical Evaluation of Poisoning Attacks on Production Federated Learning. (2022),2022,,,,,
Hadi Givehchian et al.: Evaluating Physical-Layer BLE Location Tracking Attacks on Mobile Devices. (2022),2022,,,,,
Guanhong Tao et al.: Model Orthogonalization: Class Distance Hardening in Neural Networks for Better Security. (2022),2022,,,,,
Marc Rivinius et al.: Publicly Accountable Robust Multi-Party Computation. (2022),2022,,,,,
Giovanni Camurati and Aurélien Francillon: Noise-SDR: Arbitrary Modulation of Electromagnetic Noise from Unprivileged Software and Its Impact on Emission Security. (2022),2022,,,,,
Hamza Harkous et al.: Hark: A Deep Learning System for Navigating Privacy Feedback at Scale. (2022),2022,,,,,
Federico Barbero et al.: Transcending TRANSCEND: Revisiting Malware Classification in the Presence of Concept Drift. (2022),2022,,,,,
Fan Wu et al.: LINKTELLER: Recovering Private Edges from Graph Neural Networks via Influence Analysis. (2022),2022,,,,,
Fabio Gritti et al.: HEAPSTER: Analyzing the Security of Dynamic Allocators for Monolithic Firmware Images. (2022),2022,,,,,
Marco Gutfleisch et al.: How Does Usable Security (Not) End Up in Software Products? Results From a Qualitative Interview Study. (2022),2022,,,,,
Eugene Bagdasaryan and Vitaly Shmatikov: Spinning Language Models: Risks of Propaganda-As-A-Service and Countermeasures. (2022),2022,,,,,
Maria Leonor Pacheco et al.: Automated Attack Synthesis by Extracting Finite State Machines from Protocol Specification Documents. (2022),2022,,,,,
Xiao Li et al.: HAMRAZ: Resilient Partitioning and Replication. (2022),2022,,,,,
Martin R. Albrecht et al.: Four Attacks and a Proof for Telegram. (2022),2022,,,,,
Thijs van Ede et al.: DEEPCASE: Semi-Supervised Contextual Analysis of Security Events. (2022),2022,3,X,X,X,
Quoc Huy Do et al.: A Formal Security Analysis of the W3C Web Payment APIs: Attacks and Verification. (2022),2022,3,X,X,X,
Sophie Stephenson et al.: SoK: Authentication in Augmented and Virtual Reality. (2022),2022,,,,,
Sourav Das et al.: Practical Asynchronous Distributed Key Generation. (2022),2022,,,,,
Sourav Das et al.: Spurt: Scalable Distributed Randomness Beacon with Transparent Setup. (2022),2022,,,,,
Sri Aravinda Krishnan Thyagarajan et al.: Universal Atomic Swaps: Secure Exchange of Coins Across All Blockchains. (2022),2022,,,,,
Sunjay Cauligi et al.: SoK: Practical Foundations for Software Spectre Defenses. (2022),2022,,,,,
Suryoday Basak and Mahanth Gowda: mmSpy: Spying Phone Calls using mmWave Radars. (2022),2022,,,,,
Hongyan Xia et al.: A Secret-Free Hypervisor: Rethinking Isolation in the Age of Speculative Vulnerabilities. (2022),2022,3,X,X,X,
"Takayuki Sasaki et al.: Exposed Infrastructures: Discovery, Attacks and Remediation of Insecure ICS Remote Management Devices. (2022)",2022,,,,,
Long Huang and Chen Wang: PCR-Auth: Solving Authentication Puzzle Challenge with Encoded Palm Contact Response. (2022),2022,,,,,
Hernán Ponce de León and Johannes Kinder: Cats vs. Spectre: An Axiomatic Approach to Modeling Speculative Execution Attacks. (2022),2022,3,x,x,x,
Heqing Huang et al.: BEACON: Directed Grey-Box Fuzzing with Provable Path Pruning. (2022),2022,,,,,
Pengfei Hu et al.: AccEar: Accelerometer Acoustic Eavesdropping with Unconstrained Vocabulary. (2022),2022,,,,,
Qasim Lone et al.: Deployment of Source Address Validation by Network Operators: A Randomized Control Trial. (2022),2022,,,,,
Haotian Chi et al.: Delay Wreaks Havoc on Your Smart Home: Delay-based Automation Interference Attacks. (2022),2022,,,,,
Haoqi Shan et al.: Invisible Finger: Practical Electromagnetic Interference Attack on Touchscreen-based Electronic Devices. (2022),2022,,,,,
Haojian Jin et al.: Peekaboo: A Hub-Based Approach to Enable Transparency in Data Processing within Smart Homes. (2022),2022,,,,,
Priyanka Bose et al.: SAILFISH: Vetting Smart Contract State-Inconsistency Bugs in Seconds. (2022),2022,3,X,X,X,
Han Tian et al.: Sphinx: Enabling Privacy-Preserving Online Learning over the Cloud. (2022),2022,,,,,
Di Jin et al.: BeeBox: Hardening BPF against Transient Execution Attacks. (2024),2024,,,,,
"Asya Mitseva and Andriy Panchenko: Stop, Don't Click Here Anymore: Boosting Website Fingerprinting By Considering Sets of Subpages. (2024)",2024,,,,,
Ataberk Olgun et al.: ABACuS: All-Bank Activation Counters for Scalable and Low Overhead RowHammer Mitigation. (2024),2024,,,,,
Dinghao Liu et al.: Improving Indirect-Call Analysis in LLVM with Type and Data-Flow Co-Analysis. (2024),2024,,,,,
Dinghao Liu et al.: Detecting Kernel Memory Bugs through Inconsistent Memory Management Intention Inferences. (2024),2024,,,,,
Aviv Yaish et al.: Speculative Denial-of-Service Attacks In Ethereum. (2024),2024,,,,,
Ayako Akiyama Hasegawa et al.: How WEIRD is Usable Privacy and Security Research? (2024),2024,,,,,
"Aysun Ogut et al.: Dissecting Privacy Perspectives of Websites Around the World: ""Aceptar Todo, Alle Akzeptieren, Accept All..."". (2024)",2024,,,,,
Baodong Chen et al.: Adversary is on the Road: Attacks on Visual SLAM using Unnoticeable Adversarial Patch. (2024),2024,3,X,X,X,
Diwen Xue et al.: Bridging Barriers: A Survey of Challenges and Priorities in the Censorship Circumvention Landscape. (2024),2024,,,,,
Dexin Liu et al.: iHunter: Hunting Privacy Violations at Scale in the Software Supply Chain on iOS. (2024),2024,,,,,
Benedict Schlüter et al.: HECKLER: Breaking Confidential VMs with Malicious Interrupts. (2024),2024,,,,,
Benedikt Lorch and Rainer Böhme: Landscape More Secure Than Portrait? Zooming Into the Directionality of Digital Images With Security Implications. (2024),2024,,,,,
Benjamin Fuller et al.: The Decisive Power of Indecision: Low-Variance Risk-Limiting Audits and Election Contestation via Marginal Mark Recording. (2024),2024,3,X,X,X,
Bhupendra Acharya et al.: The Imitation Game: Exploring Brand Impersonation Attacks on Social Media Platforms. (2024),2024,3,X,X,X,
David Oygenblik et al.: AI Psychiatry: Forensic Investigation of Deep Learning Networks in Memory Images. (2024),2024,,,,,
Dongli Liu et al.: d-DSE: Distinct Dynamic Searchable Encryption Resisting Volume Leakage in Encrypted Databases. (2024),2024,,,,,
Eric Cornelissen et al.: GHunter: Universal Prototype Pollution Gadgets in JavaScript Runtimes. (2024),2024,,,,,
Emre Güler et al.: Atropos: Effective Fuzzing of Web Applications for Server-Side Vulnerabilities. (2024),2024,,,,,
Anh Nguyen et al.: Penetration Vision through Virtual Reality Headsets: Identifying 360-degree Videos from Head Movements. (2024),2024,,,,,
Anirban Chakraborty et al.: Shesha : Multi-head Microarchitectural Leakage Discovery in new-generation Intel Processors. (2024),2024,,,,,
Anna Ablove et al.: Digital Discrimination of Users in Sanctioned States: The Case of the Cuba Embargo. (2024),2024,,,,,
Efrén López-Morales et al.: SoK: Security of Programmable Logic Controllers. (2024),2024,,,,,
Edoardo Debenedetti et al.: Privacy Side Channels in Machine Learning Systems. (2024),2024,3,x,x,x,
Bing Sun et al.: Neural Network Semantic Backdoor Detection and Mitigation: A Causality-Based Approach. (2024),2024,,,,,
Anvith Thudi et al.: Gradients Look Alike: Sensitivity is Often Overestimated in DP-SGD. (2024),2024,,,,,
Arjun Arunasalam et al.: Understanding the Security and Privacy Implications of Online Toxic Content on Refugees. (2024),2024,,,,,
Arka Rai Choudhuri et al.: Mempool Privacy via Batched Threshold Encryption: Attacks and Defenses. (2024),2024,1,"In this work we focus on achieving mempool transaction privacy through a new primitive that we term batchedthreshold encryption, which is a variant of threshold encryption with strict efficiency requirements to better model the needs of resource constrained environments such as blockchains.",4,"a,c","6-BLK,ASC"
Arthur Borem et al.: Data Subjects' Reactions to Exercising Their Right of Access. (2024),2024,3,X,X,X,
Arthur Lazzaretti and Charalampos Papamanthou: Single Pass Client-Preprocessing Private Information Retrieval. (2024),2024,1,"we propose SinglePass, the first PIR protocol that is concretely optimal with respect to client-preprocessing, requiring exactly a single linear pass over the database.",3,"a,b","PH,ADD,WEB,DDC"
Asmita et al.: Fuzzing BusyBox: Leveraging LLM and Crash Reuse for Embedded Bug Unearthing. (2024),2024,,,,,
Diwen Xue et al.: Fingerprinting Obfuscated Proxy Traffic with Encapsulated TLS Handshakes. (2024),2024,,,,,
"Cecylia Bocovich et al.: Snowflake, a censorship circumvention system using temporary WebRTC proxies. (2024)",2024,,,,,
Chang Yue et al.: DARKFLEECE: Probing the Dark Side of Android Subscription Apps. (2024),2024,3,X,X,X,
Chang Zhu et al.: TYGR: Type Inference on Stripped Binaries using Graph Neural Networks. (2024),2024,,,,,
Changjiang Li et al.: On the Difficulty of Defending Contrastive Learning against Backdoor Attacks. (2024),2024,,,,,
Chuxiong Wu and Qiang Zeng: Do You See How I Pose? Using Poses as an Implicit Authentication Factor for QR Code Payment. (2024),2024,3,X,X,X,
Changming Liu et al.: CO3: Concolic Co-execution for Firmware. (2024),2024,3,X,X,X,
Chao Wang et al.: VibSpeech: Exploring Practical Wideband Eavesdropping via Bandlimited Signal of Vibration-based Side Channel. (2024),2024,3,X,X,X,
Christian Lindenmeier et al.: EL3XIR: Fuzzing COTS Secure Monitors. (2024),2024,,,,,
Dandan Xu et al.: Racing on the Negative Force: Efficient Vulnerability Root-Cause Analysis through Reinforcement Learning on Counterexamples. (2024),2024,,,,,
Chongzhou Fang et al.: Large Language Models for Code Analysis: Do LLMs Really Do Their Job? (2024),2024,,,,,
Chongwon Cho et al.: Rabbit-Mix: Robust Algebraic Anonymous Broadcast from Additive Bases. (2024),2024,,,,,
Chongqing Lei et al.: A Friend's Eye is A Good Mirror: Synthesizing MCU Peripheral Models from Peripheral Drivers. (2024),2024,3,X,X,X,
Cheng Huang et al.: DONAPI: Malicious NPM Packages Detector using Behavior Sequence Knowledge Mapping. (2024),2024,,,,,
"Chong Xiang et al.: PatchCURE: Improving Certifiable Robustness, Model Utility, and Computation Efficiency of Adversarial Patch Defenses. (2024)",2024,,,,,
Chengfeng Ye et al.: When Threads Meet Interrupts: Effective Static Detection of Interrupt-Based Deadlocks in Linux. (2024),2024,3,X,X,X,
Chenxin Sun et al.: Invisibility Cloak: Proactive Defense Against Visual Game Cheating. (2024),2024,,,,,
Apurva Virkud et al.: How does Endpoint Detection use the MITRE ATT&CK Framework? (2024),2024,3,x,x,x,
Daniel Collins et al.: K-Waay: Fast and Deniable Post-Quantum X3DH without Ring Signatures. (2024),2024,1,"an efficient, deniable and postquantum X3DH-like protocol that we call K-Waay, that does not rely on ring signatures.",3,a,"MSG,PQC,NIST"
Carter Slocum et al.: That Doesn't Go There: Attacks on Shared State in Multi-User Augmented Reality Applications. (2024),2024,3,X,X,X,
Carlo Mazzocca et al.: EVOKE: Efficient Revocation of Verifiable Credentials in IoT Networks. (2024),2024,,,,,
Daniel Luick et al.: ZKSMT: A VM for Proving SMT Theorems in Zero Knowledge. (2024),2024,,,,,
Brian Kondracki and Nick Nikiforakis: Smudged Fingerprints: Characterizing and Improving the Performance of Web Application Fingerprinting. (2024),2024,,,,,
Brian Johannesmeyer et al.: Practical Data-Only Attack Generation. (2024),2024,3,X,X,X,
Braden L. Crimmins et al.: DVSorder: Ballot Randomization Flaws Threaten Voter Privacy. (2024),2024,,,,,
Boyang Zhang et al.: SecurityNet: Assessing Machine Learning Vulnerabilities on Public Models. (2024),2024,,,,,
Daniele Coppola et al.: PURE: Payments with UWB RElay-protection. (2024),2024,3,X,X,X,
Boshi Yuan et al.: MD-ML: Super Fast Privacy-Preserving Machine Learning for Malicious Security with a Dishonest Majority. (2024),2024,3,X,X,X,
Boru Chen et al.: GoFetch: Breaking Constant-Time Cryptographic Implementations Using Data Memory-Dependent Prefetchers. (2024),2024,2,This paper shows that the security threat from DMPs is significantly worse than previously thought and demonstrates the first end-to-end attacks on security-critical software using the Apple m-series DMP.,2,b,HWM
Bolton Bailey and Andrew Miller: Formalizing Soundness Proofs of Linear PCP SNARKs. (2024),2024,,,,,
David Koisser et al.: Orbital Trust and Privacy: SoK on PKI and Location Privacy Challenges in Space Networks. (2024),2024,3,X,X,X,
Alexander Bienstock et al.: Batch PIR and Labeled PSI with Oblivious Ciphertext Compression. (2024),2024,,,,,
Fabian Schwarz and Christian Rossow: 00SEVen - Re-enabling Virtual Machine Forensics: Introspecting Confidential VMs Using Privileged in-VM Agents. (2024),2024,3,X,X,X,
Fangfei Yang et al.: Endokernel: A Thread Safe Monitor for Lightweight Subprocess Isolation. (2024),2024,,,,,
Giovanni Cherubin et al.: Closed-Form Bounds for DP-SGD against Record-level Inference. (2024),2024,2,"This paper presents a new approach to evaluate the privacy of machine learning models against specific record-level threats, such as membership and attribute inference, without the indirection through DP",2,b,ML
Giacomo Longo et al.: On a Collision Course: Unveiling Wireless Attacks to the Aircraft Traffic Collision Avoidance System (TCAS). (2024),2024,3,X,X,X,
Felix Linker and David A. Basin: SOAP: A Social Authentication Protocol. (2024),2024,,,,,
Alexander Hoover et al.: Leakage-Abuse Attacks Against Structured Encryption for SQL. (2024),2024,2,We address this by providing the first leakage-abuse attacks against StE for SQL schemes,4,a,DDC
Alexander Bulekov et al.: HYPERPILL: Fuzzing for Hypervisor-bugs by leveraging the Hardware Virtualization Interface. (2024),2024,,,,,
Fengrun Liu et al.: Scalable Multi-Party Computation Protocols for Machine Learning in the Honest-Majority Setting. (2024),2024,,,,,
Feiyang Yu et al.: Athena: Analyzing and Quantifying Side Channels of Transport Layer Protocols. (2024),2024,3,X,X,X,
Gelei Deng et al.: PentestGPT: Evaluating and Harnessing Large Language Models for Automated Penetration Testing. (2024),2024,3,x,x,x,
Alessandro Pegoraro et al.: DeepEclipse: How to Break White-Box DNN-Watermarking Schemes. (2024),2024,,,,,
Filipo Sharevski and Aziz Zeidieh: Assessing Suspicious Emails with Banner Warnings Among Blind and Low-Vision Users in Realistic Settings. (2024),2024,,,,,
Aleksei Stafeev and Giancarlo Pellegrino: SoK: State of the Krawlers - Evaluating the Effectiveness of Crawling Algorithms for Web Security Measurements. (2024),2024,3,X,X,X,
Ahmed Bouhoula et al.: Automated Large-Scale Analysis of Cookie Notice Compliance. (2024),2024,,,,,
Alejandro Mera et al.: SHiFT: Semi-hosted Fuzz Testing for Embedded Applications. (2024),2024,,,,,
Alejandro Cuevas and Nicolas Christin: Does Online Anonymous Market Vendor Reputation Matter? (2024),2024,3,X,X,X,
Flavien Solt et al.: Cascade: CPU Fuzzing via Intricate Program Generation. (2024),2024,3,X,X,X,
Gabriel Karl Gegenhuber et al.: Diffie-Hellman Picture Show: Key Exchange Stories from Commercial VoWiFi Deployments. (2024),2024,,,,,
Aksel Ethembabaoglu et al.: The Unpatchables: Why Municipalities Persist in Running Vulnerable Hosts. (2024),2024,3,x,x,x,
Abdulrahman Diaa et al.: Fast and Private Inference of Deep Neural Networks by Co-designing Activation Functions. (2024),2024,,,,,
Andrés Fábrega et al.: Exploiting Leakage in Password Managers via Injection Attacks. (2024),2024,3,X,X,X,
Eric Jedermann et al.: RECORD: A RECeption-Only Region Determination Attack on LEO Satellite Users. (2024),2024,,,,,
Eric Olsson et al.: Spider-Scents: Grey-box Database-aware Web Scanning for Stored XSS. (2024),2024,,,,,
Grant Williams et al.: 6Sense: Internet-Wide IPv6 Scanning and its Security Applications. (2024),2024,3,X,X,X,
Erin Avllazagaj et al.: SCAVY: Automated Discovery of Memory Corruption Targets in Linux Kernel for Privilege Escalation. (2024),2024,,,,,
Grace Jia et al.: Length Leakage in Oblivious Data Access Mechanisms. (2024),2024,,,,,
Abdullah Al Ishtiaq et al.: Hermes: Unlocking Security Analysis of Cellular Network Protocols by Synthesizing Finite State Machines from Natural Language Specifications. (2024),2024,3,X,X,X,
Giuseppe Calderonio et al.: Fledging Will Continue Until Privacy Improves: Empirical Analysis of Google's Privacy-Preserving Targeted Advertising. (2024),2024,,,,,
"Abhinaya S. B. et al.: Enabling Developers, Protecting Users: Investigating Harassment and Safety in VR. (2024)",2024,,,,,
Anastassija Kostan et al.: Exploring digital security and privacy in relative poverty in Germany through qualitative interviews. (2024),2024,3,X,X,X,
Fabian Bäumer et al.: Terrapin Attack: Breaking SSH Channel Integrity By Sequence Number Manipulation. (2024),2024,,,,,
"Ananta Soneji et al.: ""I feel physically safe but not politically safe"": Understanding the Digital Threats and Safety Practices of OnlyFans Creators. (2024)",2024,3,X,X,X,
Giulio De Pasquale et al.: ChainReactor: Automated Privilege Escalation Chain Discovery via AI Planning. (2024),2024,,,,,
Amir Sabzi et al.: NetShaper: A Differentially Private Network Side-Channel Mitigation System. (2024),2024,,,,,
Kavita Kumari et al.: Xplain: Analyzing Invisible Correlations in Model Explanation. (2024),2024,3,x,x,x,
Josh Benaloh et al.: ElectionGuard: a Cryptographic Toolkit to Enable Verifiable Elections. (2024),2024,1,"ElectionGuard is a flexible set of open-source tools thatwhen used with traditional election systems—can produce end-to-end verifiable elections whose integrity can be verified by observers, candidates, media, and even voters themselves.",4,"a,b,c",VOT
Julia Len et al.: OPTIKS: An Optimized Key Transparency System. (2024),2024,,,,,
Junho Ahn et al.: BUDAlloc: Defeating Use-After-Free Bugs by Decoupling Virtual Address Management from Kernel. (2024),2024,,,,,
"Kabir Panahi et al.: ""But they have overlooked a few things in Afghanistan: "" An Analysis of the Integration of Biometric Voter Verification in the 2019 Afghan Presidential Elections. (2024)",2024,,,,,
Kai Dong et al.: Relation Mining Under Local Differential Privacy. (2024),2024,3,X,X,X,
Kai Tu et al.: Logic Gone Astray: A Security Analysis Framework for the Control Plane Protocols of 5G Basebands. (2024),2024,,,,,
Kaiming Cheng et al.: When the User Is Inside the User Interface: An Empirical Study of UI Security Properties in Augmented Reality. (2024),2024,,,,,
Karel Dhondt et al.: Swipe Left for Identity Theft: An Analysis of User Data Privacy Risks on Location-based Dating Apps. (2024),2024,,,,,
Karthikeyan Bhargavan et al.: Formal verification of the PQXDH Post-Quantum key agreement protocol for end-to-end secure messaging. (2024),2024,2,"we formally specify the PQXDH protocol and analyze its security using two formal verification tools, PROVERIF and CRYPTOVERIF.",3,a,"MSG,PQC"
Kathrin Grosse et al.: Towards More Practical Threat Models in Artificial Intelligence Security. (2024),2024,,,,,
Kecen Li et al.: PrivImage: Differentially Private Synthetic Image Generation using Diffusion Models with Semantic-Aware Pretraining. (2024),2024,,,,,
Kedong Xiu and Ding Wang: PointerGuess: Targeted Password Guessing Model Using Pointer Mechanism. (2024),2024,,,,,
Keyan Guo et al.: Moderating Illicit Online Image Promotion for Unsafe User Generated Content Games Using Large Vision-Language Models. (2024),2024,3,x,x,x,
Konstantin Fischer et al.: The Challenges of Bringing Cryptography from Research Papers to Products: Results from an Interview Study with Experts. (2024),2024,,,,,
"Kun Wang et al.: FraudWhistler: A Resilient, Robust and Plug-and-play Adversarial Example Detection Method for Speaker Recognition. (2024)",2024,,,,,
Kyuwon Cho et al.: RustSan: Retrofitting AddressSanitizer for Efficient Sanitization of Rust. (2024),2024,3,X,X,X,
Lakshmi Likhitha Mankali et al.: INSIGHT: Attacking Industry-Adopted Learning Resilient Logic Locking Techniques Using Explainable Graph Neural Network. (2024),2024,3,X,X,X,
Jiawei Li et al.: UIHash: Detecting Similar Android UIs through Grid-Based Visual Appearance Representation. (2024),2024,,,,,
Jérémie Dentan et al.: Reconstructing training data from document understanding models. (2024),2024,,,,,
Jiacheng Li et al.: MIST: Defending Against Membership Inference Attacks Through Membership-Invariant Subspace Training. (2024),2024,,,,,
Jiahao Yu et al.: LLM-Fuzzer: Scaling Assessment of Large Language Model Jailbreaks. (2024),2024,,,,,
Jiajun Xin et al.: Notus: Dynamic Proofs of Liabilities from Zero-knowledge RSA Accumulators. (2024),2024,1,"In this work, we develop Notus, the first dynamic PoL system for general liability updates that avoids this issue (all users check their liabilities at all epochs.)",4,b,"6-BLK,BNK"
Jialai Wang et al.: Improving ML-based Binary Function Similarity Detection by Assessing and Deprioritizing Control Flow Graph Features. (2024),2024,3,x,x,x,
Jian Liu et al.: False Claims against Model Ownership Resolution. (2024),2024,,,,,
Jianghong Wei et al.: Pixel+ and Pixel++: Compact and Efficient Forward-Secure Multi-Signatures for PoS Blockchain Consensus. (2024),2024,,,,,
Jianliang Wu et al.: Finding Traceability Attacks in the Bluetooth Low Energy Specification and Its Implementations. (2024),2024,,,,,
Jiarong Xing et al.: On the Criticality of Integrity Protection in 5G Fronthaul Networks. (2024),2024,,,,,
Lana Ramjit et al.: Navigating Traumatic Stress Reactions During Computer Security Interventions. (2024),2024,,,,,
Jiaxu Zhao et al.: Leveraging Semantic Relations in Code and Data to Enhance Taint Analysis of Embedded Systems. (2024),2024,3,X,X,X,
Jiming Wang et al.: OptFuzz: Optimization Path Guided Fuzzing for JavaScript JIT Compilers. (2024),2024,,,,,
Jinrui Ma et al.: FakeBehalf: Imperceptible Email Spoofing Attacks against the Delegation Mechanism in Email Systems. (2024),2024,,,,,
Jipeng Zhang et al.: ENG25519: Faster TLS 1.3 handshake using optimized X25519 and Ed25519. (2024),2024,3,x,x,x,
Joey Allen et al.: WEBRR: A Forensic System for Replaying and Investigating Web-Based Attacks in The Modern Web. (2024),2024,,,,,
"Jonas Hielscher and Simon Parkin: ""What Keeps People Secure is That They Met The Security Team"": Deconstructing Drivers And Goals of Organizational Security Awareness. (2024)",2024,,,,,
Jonas Kaspereit et al.: LanDscAPe: Exploring LDAP weaknesses and data leaks at Internet scale. (2024),2024,,,,,
Joschua Schilling et al.: A Binary-level Thread Sanitizer or Why Sanitizing on the Binary Level is Hard. (2024),2024,,,,,
Marc Wyss and Adrian Perrig: Zero-setup Intermediate-rate Communication Guarantees in a Global Internet. (2024),2024,,,,,
Marcel Busch et al.: GlobalConfusion: TrustZone Trusted Application 0-Days by Design. (2024),2024,3,X,X,X,
Marcel Busch et al.: Spill the TeA: An Empirical Study of Trusted Application Rollback Prevention on Android Smartphones. (2024),2024,,,,,
"Marcel Fourné et al.: ""These results must be false"": A usability evaluation of constant-time analysis tools. (2024)",2024,,,,,
Marco Palazzo et al.: Privacy-Preserving Data Aggregation with Public Verifiability Against Internal Adversaries. (2024),2024,1,"propose mPVAS, the first publicly verifiable privacy-preserving data aggregation protocol that allows
arbitrary collusion, without relying on trusted third parties
during execution, where verification runs in constant time",2,b,"DPI,BMD,DAD"
"Markus Schöps et al.: Simulated Stress: A Case Study of the Effects of a Simulated Phishing Campaign on Employees' Perception, Stress and Self-Efficacy. (2024)",2024,,,,,
Martin Dunsche et al.: With Great Power Come Great Side Channels: Statistical Timing Side-Channel Analyses with Bounded Type-1 Errors. (2024),2024,3,X,X,X,
Martin Kayondo et al.: MetaSafe: Compiling for Protecting Smart Pointer Metadata to Ensure Safe Rust Integrity. (2024),2024,3,X,X,X,
Marton Bognar et al.: Intellectual Property Exposure: Subverting and Securing Intellectual Property Encapsulation in Texas Instruments Microcontrollers. (2024),2024,,,,,
Malte Wessels et al.: SSRF vs. Developers: A Study of SSRF-Defenses in PHP Applications. (2024),2024,,,,,
Matan Levi and Aryeh Kontorovich: Splitting the Difference on Adversarial Training. (2024),2024,3,X,X,X,
Matteo Scarlata et al.: MFKDF: Multiple Factors Knocked Down Flat. (2024),2024,,,,,
Matthew Joslin et al.: Double Face: Leveraging User Intelligence to Characterize and Recognize AI-synthesized Faces. (2024),2024,3,x,x,x,
Matthias Geihs and Hart Montgomery: LaKey: Efficient Lattice-Based Distributed PRFs Enable Scalable Distributed Key Management. (2024),2024,,,,,
Matthieu Meeus et al.: Did the Neurons Read your Book? Document-level Membership Inference for Large Language Models. (2024),2024,,,,,
Le Yu et al.: Cost-effective Attack Forensics by Recording and Correlating File System Changes. (2024),2024,,,,,
"Lea Gröber et al.: ""I chose to fight, be brave, and to deal with it"": Threat Experiences and Security Practices of Pakistani Content Creators. (2024)",2024,,,,,
Lea Gröber et al.: Towards Privacy and Security in Private Clouds: A Representative Survey on the Prevalence of Private Hosting and Administrator Characteristics. (2024),2024,,,,,
Leo Cao et al.: Stateful Least Privilege Authorization for the Cloud. (2024),2024,,,,,
Leo de Castro and Keewoo Lee: VeriSimplePIR: Verifiability in SimplePIR at No Online Cost for Honest Servers. (2024),2024,1,"We present VeriSimplePIR, a verifiable version of the stateof-the-art semi-honest SimplePIR protocol. VeriSimplePIR is a stateful verifiable PIR scheme guaranteeing that all queries are consistent with a fixed, well-formed database. It is the first efficient verifiable PIR scheme to not rely on an honest digest to ensure security; any digest, even one produced by a malicious server, is sufficient to commit to some database",2,b,CRY
Leona Lassak et al.: Why Aren't We Using Passkeys? Obstacles Companies Face Deploying FIDO2 Passwordless Authentication. (2024),2024,,,,,
Lijin Wang et al.: Property Existence Inference against Generative Models. (2024),2024,,,,,
"Limin Yang et al.: True Attacks, Attack Attempts, or Benign Triggers? An Empirical Measurement of Network Alerts in a Security Operations Center. (2024)",2024,,,,,
Long Meng et al.: FEASE: Fast and Expressive Asymmetric Searchable Encryption. (2024),2024,,,,,
"Lucy Qin et al.: ""Did They F***ing Consent to That?"": Safer Digital Intimacy via Proactive Protection Against Image-Based Sexual Abuse. (2024)",2024,,,,,
"Lukas Lamster et al.: Voodoo: Memory Tagging, Authenticated Encryption, and Error Correction through MAGIC. (2024)",2024,,,,,
Lukas Maar et al.: Defects-in-Depth: Analyzing the Integration of Effective Defenses against One-Day Exploits in Android Kernels. (2024),2024,,,,,
Lukas Maar et al.: SLUBStick: Arbitrary Memory Writes through Practical Software Cross-Cache Attacks within the Linux Kernel. (2024),2024,3,X,X,X,
Luke Dramko et al.: A Taxonomy of C Decompiler Fidelity Issues. (2024),2024,,,,,
Luyi Li et al.: Indirector: High-Precision Branch Target Injection Attacks Exploiting the Indirect Branch Predictor. (2024),2024,,,,,
Madiha Tabassum et al.: Investigating Moderation Challenges to Combating Hate and Harassment: The Case of Mod-Admin Power Dynamics and Feature Misuse on Reddit. (2024),2024,,,,,
Mahmoud Ammar et al.: On Bridging the Gap between Control Flow Integrity and Attestation Schemes. (2024),2024,,,,,
Ingab Kang et al.: SledgeHammer: Amplifying Rowhammer via Bank-level Parallelism. (2024),2024,3,X,X,X,
Hidde Lycklama et al.: Holding Secrets Accountable: Auditing Privacy-Preserving Machine Learning. (2024),2024,,,,,
"Jannik Dreier et al.: Shaken, not Stirred - Automated Discovery of Subtle Attacks on Protocols using Mix-Nets. (2024)",2024,2,"We propose a more detailed formal model of exponentiation and re-encryption Mix-Nets in the applied Π-Calculus, the language used by ProVerif, and show that using this model we can automatically discover attacks based on the incorrect use of the Mix-Net.",3,a,VOT
Jacob Ginesin et al.: A Formal Analysis of SCTP: Attack Synthesis and Patch Verification. (2024),2024,3,X,X,X,
Harry Eldridge et al.: Abuse-Resistant Location Tracking: Balancing Privacy and Safety in the Offline Finding Ecosystem. (2024),2024,,,,,
Hongyi Lu et al.: MOAT: Towards Safe BPF Kernel Extension. (2024),2024,,,,,
Hongbin Liu et al.: Mudjacking: Patching Backdoor Vulnerabilities in Foundation Models. (2024),2024,3,x,x,x,
Han Liu et al.: Using My Functions Should Follow My Checks: Understanding and Detecting Insecure OpenZeppelin Code in Smart Contracts. (2024),2024,,,,,
Guangsheng Zhang et al.: How Does a Deep Learning Model Architecture Impact Its Privacy? A Comprehensive Study of Privacy Attacks on CNNs and Transformers. (2024),2024,3,x,x,x,
Hanjun Li et al.: POPSTAR: Lightweight Threshold Reporting with Reduced Leakage. (2024),2024,,,,,
Hany Ragab et al.: GhostRace: Exploiting and Mitigating Speculative Race Conditions. (2024),2024,,,,,
Hao Nie et al.: Query Recovery from Easy to Hard: Jigsaw Attack against SSE. (2024),2024,,,,,
"Hao-Ping (Hank) Lee et al.: ""I Don't Know If We're Doing Good. I Don't Know If We're Doing Bad"": Investigating How Practitioners Scope, Motivate, and Conduct Privacy Work When Developing AI Products. (2024)",2024,,,,,
Hongyan Chang et al.: Efficient Privacy Auditing in Federated Learning. (2024),2024,3,X,X,X,
Hongbo Wen et al.: Practical Security Analysis of Zero-Knowledge Proof Circuits. (2024),2024,,,,,
Haojie He et al.: Code is not Natural Language: Unlock the Power of Semantics-Oriented Graph Representation for Binary Code Similarity Detection. (2024),2024,3,x,x,x,
Haoran Lu et al.: Towards Privacy-Preserving Social-Media SDKs on Android. (2024),2024,,,,,
Haichuan Xu et al.: DVa: Extracting Victims and Abuse Vectors from Android Accessibility Malware. (2024),2024,,,,,
Haichen Wang et al.: dp-promise: Differentially Private Diffusion Probabilistic Models for Image Synthesis. (2024),2024,,,,,
Hyunwoo Choi et al.: Prefetch for Fun and Profit: A Revisit of Prefetch Attacks on Apple M1. (2024),2024,,,,,
"Ioannis Arkalakis et al.: Abandon All Hope Ye Who Enter Here: A Dynamic, Longitudinal Investigation of Android's Data Safety Section. (2024)",2024,,,,,
Ioannis Angelakopoulos et al.: Pandawan: Quantifying Progress in Linux-based Firmware Rehosting. (2024),2024,3,x,x,x,
Guy N. Rothblum et al.: PINE: Efficient Verification of a Euclidean Norm Bound of a Secret-Shared Vector. (2024),2024,1,We propose Private Inexpensive Norm Enforcement (PINE): a new protocol that allows exact norm verification with little communication overhead [for secure aggregation].,3,"a,b","ML,DAD"
Huanyao Rong et al.: Toward Unbiased Multiple-Target Fuzzing with Path Diversity. (2024),2024,,,,,
Huayi Duan et al.: CAMP: Compositional Amplification Attacks against DNS. (2024),2024,,,,,
Guodong Cao et al.: DAAP: Privacy-Preserving Model Accuracy Estimation on Unlabeled Datasets Through Distribution-Aware Adversarial Perturbation. (2024),2024,3,,,,
Harshini Sri Ramulu et al.: Security and Privacy Software Creators' Perspectives on Unintended Consequences. (2024),2024,,,,,
Guoming Zhang et al.: LaserAdv: Laser Adversarial Attacks on Speech Recognition Systems. (2024),2024,,,,,
Ruofan Liu et al.: Less Defined Knowledge and More True Alarms: Reference-based Phishing Detection without a Pre-defined Reference List. (2024),2024,3,X,x,X,
Saba Eskandarian: Abuse Reporting for Metadata-Hiding Communication Based on Secret Sharing. (2024),2024,,,,,
Patrick Jattke et al.: ZenHammer: Rowhammer Attacks on AMD Zen-based Platforms. (2024),2024,,,,,
Ryan Tsang et al.: FFXE: Dynamic Control Flow Graph Recovery for Embedded Firmware Binaries. (2024),2024,,,,,
Patrick Tser Jern Kon et al.: SpotProxy: Rediscovering the Cloud for Censorship Circumvention. (2024),2024,,,,,
Ryan Little et al.: Secure Account Recovery for a Privacy-Preserving Web Service. (2024),2024,1,"a cryptographic protocol for account recovery
for use by a prominent secure matching system: a web-based
service that allows survivors of sexual misconduct to become
aware of other survivors harmed by the same perpetrator",4,a,"IPS,NGO,AUT,WEB"
Pedro Bernardo et al.: Web Platform Threats: Automated Detection of Web Security Issues With WPT. (2024),2024,,,,,
Peihua Zhang et al.: HIVE: A Hardware-assisted Isolated Execution Environment for eBPF on AArch64. (2024),2024,,,,,
Peiyu Liu et al.: Exploring ChatGPT's Capabilities on Vulnerability Management. (2024),2024,,,,,
Ruoyang Guo et al.: GridSE: Towards Practical Secure Geographic Search via Prefix Symmetric Searchable Encryption. (2024),2024,1,"a new construction, namely GridSE, for efficient and DGGS-compatible Secure Geographic Search (SGS) with both backward and forward privacy.",3,c,"LOC,CC"
Penghui Li et al.: SDFuzz: Target States Driven Directed Fuzzing. (2024),2024,3,X,X,X,
Péter Horváth et al.: SoK: Neural Network Extraction Through Physical Side Channels. (2024),2024,3,X,X,X,
Ruiyi Zhang et al.: CacheWarp: Software-based Fault Injection using Selective State Reset. (2024),2024,,,,,
Ruisi Zhang et al.: REMARK-LLM: A Robust and Efficient Watermarking Framework for Generative Large Language Models. (2024),2024,3,x,x,x,
Rui Zhang et al.: Instruction Backdoor Attacks Against Customized LLMs. (2024),2024,,,,,
Phillip Gajland et al.: SWOOSH: Efficient Lattice-Based Non-Interactive Key Exchange. (2024),2024,,,,,
Sander Wiebing et al.: InSpectre Gadget: Inspecting the Residual Attack Surface of Cross-privilege Spectre v2. (2024),2024,,,,,
Niklas Risse and Marcel Böhme: Uncovering the Limits of Machine Learning for Automatic Vulnerability Detection. (2024),2024,3,X,X,X,
Nikolaos Pantelaios and Alexandros Kapravelos: FV8: A Forced Execution JavaScript Engine for Detecting Evasive Techniques. (2024),2024,,,,,
Sandra Höltervennhoff et al.: A Mixed-Methods Study on User Experiences and Challenges of Recovery Codes for an End-to-End Encrypted Service. (2024),2024,3,X,X,X,
Samir Jordan Menon and David J. Wu: YPIR: High-Throughput Single-Server PIR with Silent Preprocessing. (2024),2024,,,,,
Samiha Shimmi et al.: VulSim: Leveraging Similarity of Multi-Dimensional Neighbor Embeddings for Vulnerability Detection. (2024),2024,3,x,x,x,
Omer Akgul et al.: A Decade of Privacy-Relevant Android App Reviews: Large Scale Trends. (2024),2024,,,,,
Pallavi Borkar et al.: WhisperFuzz: White-Box Fuzzing for Detecting and Locating Timing Vulnerabilities in Processors. (2024),2024,3,X,X,X,
Sajjad Pourali et al.: Racing for TLS Certificate Validation: A Hijacker's Guide to the Android TLS Galaxy. (2024),2024,,,,,
Saidu Sokoto et al.: Guardians of the Galaxy: Content Moderation in the InterPlanetary File System. (2024),2024,3,x,x,x,
Reethika Ramesh et al.: CalcuLatency: Leveraging Cross-Layer Network Latency Measurements to Detect Proxy-Enabled Abuse. (2024),2024,,,,,
Qian Guo et al.: Key Recovery Attacks on Approximate Homomorphic Encryption with Non-Worst-Case Noise Flooding Countermeasures. (2024),2024,1,"""In this paper, we present novel key-recovery attacks on Approximate Homomorphic Encryption schemes, such as CKKS, when employing noise-flooding countermeasures based on non-worst-case noise estimation.""",1,b,CRY
Qibo Zhang et al.: Eye of Sauron: Long-Range Hidden Spy Camera Detection and Positioning with Inbuilt Memory EM Radiation. (2024),2024,,,,,
Rishabh Khandelwal et al.: Unpacking Privacy Labels: A Measurement and Developer Perspective on Google's Data Safety Section. (2024),2024,,,,,
Qifan Zhang et al.: ResolverFuzz: Automated Discovery of DNS Resolver Vulnerabilities with Query-Response Fuzzing. (2024),2024,,,,,
Qinge Xie et al.: Arcanum: Detecting and Evaluating the Privacy Risks of Browser Extensions on Web Pages and Web Content. (2024),2024,,,,,
Qingying Hao et al.: It Doesn't Look Like Anything to Me: Using Diffusion Model to Subvert Visual Phishing Detectors. (2024),2024,,,,,
Qingzhao Zhang et al.: On Data Fabrication in Collaborative Vehicular Perception: Attacks and Countermeasures. (2024),2024,,,,,
Reham Mohamed et al.: ATTention Please! An Investigation of the App Tracking Transparency Permission. (2024),2024,,,,,
Qisheng Jiang and Chundong Wang: Sync+Sync: A Covert Channel Built on fsync with Storage. (2024),2024,,,,,
Robin Bisping et al.: Wireless Signal Injection Attacks on VSAT Satellite Modems. (2024),2024,3,X,X,X,
Rafael Uetz et al.: You Cannot Escape Me: Detecting Evasions of SIEM Rules in Enterprise Networks. (2024),2024,3,X,X,X,
Raymond Muller et al.: VOGUES: Validation of Object Guise using Estimated Components. (2024),2024,3,X,X,X,
Ravindu De Silva et al.: GuideEnricher: Protecting the Anonymity of Ethereum Mixing Service Users with Deep Reinforcement Learning. (2024),2024,3,x,x,x,
Rahul George et al.: OPTISAN: Using Multiple Spatial Error Defenses to Optimize Stack Memory Protection within a Budget. (2024),2024,,,,,
Raja Hasnain Anwar et al.: In Wallet We Trust: Bypassing the Digital Wallets Payment Security for Free Shopping. (2024),2024,,,,,
Rasoul Jahanshahi and Manuel Egele: Argus: All your (PHP) Injection-sinks are belong to us. (2024),2024,3,X,X,X,
Rasoul Akhavan Mahdavi et al.: PEPSI: Practically Efficient Private Set Intersection in the Unbalanced Setting. (2024),2024,1,"We introduce Practically Efficient PSI or PEPSI, a non-interactive solution where only the client sends its encrypted data in a Set Intersection problem ",3,a,"ADD,PH,MSG,DAD"
Raphael Serafini et al.: Engaging Company Developers in Security Research Studies: A Comprehensive Literature Review and Quantitative Survey. (2024),2024,,,,,
Priyanka Badva et al.: Unveiling the Hunter-Gatherers: Exploring Threat Hunting Practices and Challenges in Cyber Defense. (2024),2024,3,x,x,x,
Roy Weiss et al.: What Was Your Prompt? A Remote Keylogging Attack on AI Assistants. (2024),2024,,,,,
Ping-Lun Wang et al.: Bending microarchitectural weird machines towards practicality. (2024),2024,,,,,
Pranav Dahiya et al.: Machine Learning needs Better Randomness Standards: Randomised Smoothing and PRNG-based attacks. (2024),2024,,,,,
Pranay Jain et al.: Near-Optimal Constrained Padding for Object Retrievals with Dependencies. (2024),2024,,,,,
"Ronald Thompson et al.: ""There are rabbit holes I want to go down that I'm not allowed to go down"": An Investigation of Security Expert Threat Modeling Practices for Medical Devices. (2024)",2024,,,,,
"Prianka Mandal et al.: ""Belt and suspenders"" or ""just red tape""?: Investigating Early Artifacts and User Perceptions of IoT App Security Certification. (2024)",2024,,,,,
Mazal Bethany et al.: Deciphering Textual Authenticity: A Generalized Strategy through the Lens of Large Language Semantics for Detecting Human vs. Machine-Generated Text. (2024),2024,3,X,X,X,
Priyanka Mondal et al.: I/O-Efficient Dynamic Searchable Encryption meets Forward & Backward Privacy. (2024),2024,,,,,
"Rohit Raj et al.: ""I just hated it and I want my money back"": Data-driven Understanding of Mobile VPN Service Switching Preferences in The Wild. (2024)",2024,,,,,
Robin Leander Schröder et al.: Divide and Surrender: Exploiting Variable Division Instruction Timing in HQC Key Recovery Attacks. (2024),2024,,,,,
Pujan Paudel et al.: Enabling Contextual Soft Moderation on Social Media through Contrastive Textual Deviation. (2024),2024,3,x,x,x,
Pujan Paudel et al.: PIXELMOD: Improving Soft Moderation of Visual Misleading Information on Twitter. (2024),2024,3,x,x,x,
Robin Kirchner et al.: Dancer in the Dark: Synthesizing and Evaluating Polyglots for Blind Cross-Site Scripting. (2024),2024,,,,,
Qi Tan et al.: Defending Against Data Reconstruction Attacks in Federated Learning: An Information Theory Approach. (2024),2024,,,,,
Meng Shen et al.: Transferability of White-box Perturbations: Query-Efficient Adversarial Attacks against Commercial DNN Services. (2024),2024,,,,,
Sebastian Roth et al.: Trust Me If You Can - How Usable Is Trusted Types In Practice? (2024),2024,,,,,
Meng Hao et al.: Scalable Zero-knowledge Proofs for Non-linear Functions in Machine Learning. (2024),2024,,,,,
Meng Hao et al.: Unbalanced Circuit-PSI from Oblivious Key-Value Retrieval. (2024),2024,,,,,
Seonyoung Cheon et al.: DaCapo: Automatic Bootstrapping Management for Efficient Fully Homomorphic Encryption. (2024),2024,,,,,
Momen Oqaily et al.: ChainPatrol: Balancing Attack Detection and Classification with Performance Overhead for Service Function Chains Using Virtual Trailers. (2024),2024,3,x,x,x,
"Seth Layton et al.: SoK: The Good, The Bad, and The Unbalanced: Measuring Structural Limitations of Deepfake Media Datasets. (2024)",2024,3,X,X,X,
Shuaifan Jin et al.: FaceObfuscator: Defending Deep Learning-based Privacy Attacks with Gradient Descent-resistant Features in Face Recognition. (2024),2024,,,,,
Mingfei Zhang et al.: Max Attestation Matters: Making Honest Parties Lose Their Incentives in Ethereum PoS. (2024),2024,,,,,
Seunghun Han et al.: Page-Oriented Programming: Subverting Control-Flow Integrity of Commodity Operating System Kernels with Non-Writable Code Pages. (2024),2024,,,,,
Seyed Mohammad Mehdi Mirnajafizadeh et al.: Enhancing Network Attack Detection with Distributed and In-Network Data Collection System. (2024),2024,,,,,
Shenchen Zhu et al.: AE-Morpher: Improve Physical Robustness of Adversarial Objects against LiDAR-based Detectors via Object Reconstruction. (2024),2024,3,x,x,x,
Mirza Masfiqur Rahman et al.: CellularLint: A Systematic Approach to Identify Inconsistent Behavior in Cellular Network Specifications. (2024),2024,,,,,
Miranda Wei et al.: Understanding Help-Seeking and Help-Giving on Social Media for Image-Based Sexual Abuse. (2024),2024,3,X,X,X,
Sebastian Angel et al.: Reef: Fast Succinct Non-Interactive Zero-Knowledge Regex Proofs. (2024),2024,1,"Reef, a system for generating publicly verifiable succinct non-interactive zero-knowledge proofs that a committed document matches or does not match a regular expression",3,a,"AUT,CNP,PWD,BMD,MSG,JUR"
Miranda Wei et al.: SoK (or SoLK?): On the Quantitative Study of Sociodemographic Factors and Computer Security Behaviors. (2024),2024,3,X,X,X,
Miaomiao Shao and Yuxin Ding: FVD-DPM: Fine-grained Vulnerability Detection via Conditional Diffusion Probabilistic Models. (2024),2024,3,X,X,X,
"Shaofeng Li et al.: Yes, One-Bit-Flip Matters! Universal DNN Model Inference Depletion with Runtime Code Fault Injection. (2024)",2024,3,X,X,X,
Mir Masood Ali et al.: Rise of Inspectron: Automated Black-box Auditing of Cross-platform Electron Apps. (2024),2024,,,,,
Shenao Yan et al.: An LLM-Assisted Easy-to-Trigger Backdoor Attack on Code Completion Models: Injecting Disguised Vulnerabilities against Strong Detection. (2024),2024,3,X,X,X,
Shaoor Munir et al.: PURL: Safe and Effective Sanitization of Link Decoration. (2024),2024,,,,,
Niels Dossche and Bart Coppens: Inference of Error Specifications and Bug Detection Using Structural Similarities. (2024),2024,3,X,X,X,
Michael Chesser et al.: MultiFuzz: A Multi-Stream Fuzzer For Testing Monolithic Firmware. (2024),2024,3,X,X,X,
Minxue Tang et al.: ModelGuard: Information-Theoretic Defense Against Model Extraction Attacks. (2024),2024,,,,,
Mingli Wu et al.: O-Ring and K-Star: Efficient Multi-party Private Set Intersection. (2024),2024,,,,,
Mingzhe Wang et al.: Data Coverage for Guided Fuzzing. (2024),2024,,,,,
Mingyi Liu et al.: I Experienced More than 10 DeFi Scams: On DeFi Users' Perception of Security Breaches and Countermeasures. (2024),2024,,,,,
Michael D. Brown et al.: A Broad Comparative Evaluation of Software Debloating Tools. (2024),2024,,,,,
Sharon Goldberg et al.: RADIUS/UDP Considered Harmful. (2024),2024,,,,,
Nicolas Nino et al.: Unveiling IoT Security in Reality: A Firmware-Centric Journey. (2024),2024,,,,,
Saravanan Thirumuruganathan et al.: Detecting and Mitigating Sampling Bias in Cybersecurity with Unlabeled Data. (2024),2024,3,x,x,x,
"Nicolas Huaman et al.: ""You have to read 50 different RFCs that contradict each other"": An Interview Study on the Experiences of Implementing Cryptographic Standards. (2024)",2024,,,,,
Michal Shagam and Eyal Ronen: Windows into the Past: Exploiting Legacy Crypto in Modern OS's Kerberos Implementation. (2024),2024,,,,,
Shigang Liu et al.: EaTVul: ChatGPT-based Evasion Attack Against Software Vulnerability Detection. (2024),2024,,,,,
Shidong Pan et al.: Is It a Trap? A Large-scale Empirical Study And Comprehensive Assessment of Online Automated Privacy Policy Generators for Mobile Apps. (2024),2024,3,X,X,X,
Shidong Pan et al.: A NEW HOPE: Contextual Privacy Policies for Mobile Applications and An Approach Toward Automated Generation. (2024),2024,,,,,
Md. Ishtiaq Ashiq et al.: SPF Beyond the Standard: Management and Operational Challenges in Practice and Practical Recommendations. (2024),2024,3,X,X,X,
Shuofeng Liu et al.: Being Transparent is Merely the Beginning: Enforcing Purpose Limitation with Polynomial Approximation. (2024),2024,,,,,
Nguyen Phong Hoang et al.: GFWeb: Measuring the Great Firewall's Web Censorship at Scale. (2024),2024,,,,,
Sayedeh Leila Noorbakhsh et al.: Inf2Guard: An Information-Theoretic Framework for Learning Privacy-Preserving Representations against Inference Attacks. (2024),2024,,,,,
"Meenatchi Sundaram Muthu Selva Annamalai et al.: ""What do you want from theory alone?"" Experimenting with Tight Auditing of Differentially Private Synthetic Data Generation. (2024)",2024,,,,,
Meenatchi Sundaram Muthu Selva Annamalai et al.: A Linear Reconstruction Approach for Attribute Inference Attacks against Synthetic Data. (2024),2024,,,,,
Michael Mirkin et al.: Sprints: Intermittent Blockchain PoW Mining. (2024),2024,,,,,
Nataliia Bielova et al.: The Effect of Design Patterns on (Present and Future) Cookie Consent Decisions. (2024),2024,3,X,X,X,
Nan Jiang et al.: Can I Hear Your Face? Pervasive Attack on Voice Authentication Systems with a Single Face Image. (2024),2024,,,,,
"Naman Gupta et al.: ""I really just leaned on my community for support"": Barriers, Challenges and Coping Mechanisms Used by Survivors of Technology-Facilitated Abuse to Seek Social Support. (2024)",2024,,,,,
Shengwei An et al.: Rethinking the Invisible Protection against Unauthorized Image Usage in Stable Diffusion. (2024),2024,,,,,
Shuo Wang et al.: DNN-GP: Diagnosing and Mitigating Model's Faults Using Latent Concepts. (2024),2024,,,,,
Najmeh Nazari et al.: Forget and Rewire: Enhancing the Resilience of Transformer-based Models against Bit-Flip Attacks. (2024),2024,,,,,
Muqi Zou et al.: D-Helix: A Generic Decompiler Testing Framework Using Symbolic Differentiation. (2024),2024,,,,,
Meng Chen et al.: Devil in the Room: Triggering Audio Backdoors in the Physical World. (2024),2024,3,x,x,x,
Torsten Krauß et al.: ClearStamp: A Human-Visible and Robust Model-Ownership Proof based on Transposed Model Training. (2024),2024,,,,,
Victor Duta et al.: SafeFetch: Practical Double-Fetch Protection with Kernel-Fetch Caching. (2024),2024,,,,,
Véronique Cortier et al.: Election Eligibility with OpenID: Turning Authentication into Transferable Proof of Eligibility. (2024),2024,,,,,
Xinyue Shen et al.: Prompt Stealing Attacks Against Text-to-Image Generation Models. (2024),2024,3,x,x,x,
Veena Krish et al.: Biosignal Authentication Considered Harmful Today. (2024),2024,3,X,X,X,
Vasudev Gohil et al.: AttackGNN: Red-Teaming GNNs in Hardware Security Using Reinforcement Learning. (2024),2024,,,,,
Xiwen Teoh et al.: PhishDecloaker: Detecting CAPTCHA-cloaked Phishing Websites via Hybrid Vision-based Interactive Models. (2024),2024,3,X,X,X,
"Xuanbo Huang et al.: You Can Obfuscate, but You Cannot Hide: CrossPoint Attacks against Network Topology Obfuscation. (2024)",2024,,,,,
Xiang Ling et al.: A Wolf in Sheep's Clothing: Practical Black-box Adversarial Attacks for Evading Learning-based Windows Malware Detection in the Wild. (2024),2024,,,,,
Tushar Nayan et al.: SoK: All You Need to Know About On-Device ML Model Extraction - The Gap Between Research and Practice. (2024),2024,,,,,
Tuo Li et al.: LR-Miner: Static Race Detection in OS Kernels by Mining Locking Rules. (2024),2024,,,,,
Tung Le et al.: MUSES: Efficient Multi-User Searchable Encrypted Database. (2024),2024,1,"In this paper, we propose MUSES, a new multi-writer encrypted search platform that addresses the functionality, security, and performance limitations in the existing encrypted search designs.",3,c,"CC,DDC"
Trishita Tiwari et al.: Information Flow Control in Machine Learning through Modular Model Architecture. (2024),2024,,,,,
Torsten Krauß et al.: Verify your Labels! Trustworthy Predictions and Datasets via Confidence Scores. (2024),2024,,,,,
Yupeng Yang et al.: Towards Generic Database Management System Fuzzing. (2024),2024,,,,,
Tong Liu et al.: Making Them Ask and Answer: Jailbreaking Large Language Models in Few Queries via Disguise and Reconstruction. (2024),2024,,,,,
Tomasz Piotr Lisowski et al.: SIMurai: Slicing Through the Complexity of SIM Card Security Research. (2024),2024,3,X,X,X,
Zeyu Liu et al.: PerfOMR: Oblivious Message Retrieval with Reduced Communication and Computation. (2024),2024,,,,,
Zhangchen Xu et al.: ACE: A Model Poisoning Attack on Contribution Evaluation Methods in Federated Learning. (2024),2024,,,,,
Yijing Liu et al.: Tickets or Privacy? Understand the Ecosystem of Chinese Ticket Grabbing Apps. (2024),2024,,,,,
Xiang Xie et al.: Lightweight Authentication of Web Data via Garble-Then-Prove. (2024),2024,,,,,
Yihao Guo et al.: zkCross: A Novel Architecture for Cross-Chain Privacy-Preserving Auditing. (2024),2024,,,,,
Tingwei Zhang et al.: Adversarial Illusions in Multi-Modal Embeddings. (2024),2024,3,X,X,X,
Yihao Chen et al.: Learning with Semantics: Towards a Semantics-Aware Routing Anomaly Detection System. (2024),2024,,,,,
Tingfeng Yu et al.: Security and Privacy Analysis of Samsung's Crowd-Sourced Bluetooth Location Tracking System. (2024),2024,,,,,
Ting Su et al.: Improving the Ability of Thermal Radiation Based Hardware Trojan Detection. (2024),2024,,,,,
Zheng Yu et al.: ShadowBound: Efficient Heap Memory Protection Through Advanced Metadata Management and Customized Compiler Optimization. (2024),2024,3,X,X,X,
Zheng Zhang et al.: SymBisect: Accurate Bisection for Fuzzer-Exposed Vulnerabilities. (2024),2024,,,,,
Tianyue Zheng et al.: pi-Jack: Physical-World Adversarial Attack on Monocular Depth Estimation with Perspective Hijacking. (2024),2024,3,X,X,X,
Wei Ao and Vishnu Naresh Boddeti: AutoFHE: Automated Adaption of CNNs for Efficient Evaluation over FHE. (2024),2024,,,,,
"William Seymour et al.: Voice App Developer Experiences with Alexa and Google Assistant: Juggling Risks, Liability, and Security. (2024)",2024,,,,,
William P. Maxam III and James C. Davis: An Interview Study on Third-Party Cyber Threat Hunting Processes in the U.S. Department of Homeland Security. (2024),2024,,,,,
Yuanxin Zhuang et al.: Unveiling the Secrets without Data: Can Graph Neural Networks Be Exploited through Data-Free Model Extraction Attacks? (2024),2024,,,,,
Wil Gibbs et al.: Operation Mango: Scalable Discovery of Taint-Style Vulnerabilities in Binary Firmware Services. (2024),2024,,,,,
Yuanyuan Feng et al.: Understanding How to Inform Blind and Low-Vision Users about Data Privacy through Privacy Question Answering Assistants. (2024),2024,,,,,
Wenlong Du et al.: Vulnerability-oriented Testing for RESTful APIs. (2024),2024,3,X,X,X,
Xiaoyu Cheng et al.: SpecLFB: Eliminating Cache Side Channels in Speculative Executions. (2024),2024,,,,,
Xiaoyue Ma et al.: From One Thousand Pages of Specification to Unveiling Hidden Bugs: Large Language Model Assisted Fuzzing of Matter IoT Devices. (2024),2024,,,,,
Yuanming Song et al.: Cryptographic Analysis of Delta Chat. (2024),2024,2,"We analyse the cryptographic protocols underlying Delta Chat, a decentralised messaging application which uses email infrastructure for message delivery.",4,"a,c","JUR,MSG,ACT,PGTS,MIN"
Yizhuo Zhai et al.: Don't Waste My Efforts: Pruning Redundant Sanitizer Checks by Developer-Implemented Type Checks. (2024),2024,3,x,x,x,
Yuandao Cai et al.: Unleashing the Power of Type-Based Call Graph Construction by Using Regional Pointer Information. (2024),2024,3,x,x,x,
Yuexin Li et al.: KnowPhish: Large Language Models Meet Multimodal Knowledge Graphs for Enhancing Reference-Based Phishing Detection. (2024),2024,3,x,x,x,
Yixin Wu et al.: Quantifying Privacy Risks of Prompts in Visual Prompt Learning. (2024),2024,3,X,X,X,
Weihao Su et al.: Towards an Effective Method of ReDoS Detection for Non-backtracking Engines. (2024),2024,,,,,
Wei Song et al.: Correction-based Defense Against Adversarial Video Attacks via Discretization-Enhanced Video Compressive Sensing. (2024),2024,3,X,X,X,
Tianxi Ji and Pan Li: Less is More: Revisiting the Gaussian Mechanism for Differential Privacy. (2024),2024,,,,,
Yuhao Wu et al.: Your Firmware Has Arrived: A Study of Firmware Update Vulnerabilities. (2024),2024,3,X,X,X,
Xingkai Wang et al.: DMAAUTH: A Lightweight Pointer Integrity-based Secure Architecture to Defeat DMA Attacks. (2024),2024,3,x,x,x,
Yujie Wang et al.: Opportunistic Data Flow Integrity for Real-time Cyber-physical Systems Using Worst Case Execution Time Reservation. (2024),2024,,,,,
Yukiko Sawaya et al.: A High Coverage Cybersecurity Scale Predictive of User Behavior. (2024),2024,,,,,
Wael S. Albayaydh and Ivan Flechais: Co-Designing a Mobile App for Bystander Privacy Protection in Jordanian Smart Homes: A Step Towards Addressing a Complex Privacy Landscape. (2024),2024,,,,,
Yinbo Yu et al.: TAPFixer: Automatic Detection and Repair of Home Automation Vulnerabilities based on Negated-property Reasoning. (2024),2024,3,X,X,X,
Yunjie Ge et al.: Hijacking Attacks against Neural Network by Analyzing Training Data. (2024),2024,,,,,
"Yunjie Ge et al.: More Simplicity for Trainers, More Opportunity for Attackers: Black-Box Attacks on Speaker Recognition Systems by Inferring Feature Extractor. (2024)",2024,,,,,
Yunlong Xing et al.: What IF Is Not Enough? Fixing Null Pointer Dereference With Contextual Check. (2024),2024,,,,,
Yunyi Zhang et al.: Cross the Zone: Toward a Covert Domain Hijacking via Shared DNS Infrastructure. (2024),2024,,,,,
Yunyi Zhang et al.: Into the Dark: Unveiling Internal Site Search Abused for Black Hat SEO. (2024),2024,,,,,
Yunyi Zhang et al.: Rethinking the Security Threats of Stale DNS Glue Records. (2024),2024,,,,,
Yupei Liu et al.: Formalizing and Benchmarking Prompt Injection Attacks and Defenses. (2024),2024,,,,,
Zikan Dong et al.: Exploring Covert Third-party Identifiers through External Storage in the Android New Era. (2024),2024,,,,,
Yehuda Afek et al.: A Flushing Attack on the DNS Cache. (2024),2024,,,,,
Supraja Sridhara et al.: ACAI: Protecting Accelerator Execution with Arm Confidential Computing Architecture. (2024),2024,3,X,X,X,
Zian Jia et al.: MAGIC: Detecting Advanced Persistent Threats via Masked Graph Representation Learning. (2024),2024,,,,,
Yibin Yang and David Heath: Two Shuffles Make a RAM: Improved Constant Overhead Zero Knowledge RAM. (2024),2024,1,We optimize Zero Knowledge (ZK) proofs of statements expressed as RAM programs over arithmetic values.,3,"a,b","1-BLK,NWT,SE,ML"
Yepeng Pan et al.: Loopy Hell(ow): Infinite Traffic Loops at the Application Layer. (2024),2024,,,,,
Zicheng Wang et al.: SeaK: Rethinking the Design of a Secure Allocator for OS Kernel. (2024),2024,,,,,
Zihao Su et al.: Remote Keylogging Attacks in Multi-user VR Applications. (2024),2024,,,,,
Zihao Wang et al.: DPAdapter: Improving Differentially Private Deep Learning through Noise Tolerance Pre-training. (2024),2024,,,,,
Zihao Wang et al.: Tossing in the Dark: Practical Bit-Flipping on Gray-box Deep Neural Networks for Runtime Trojan Injection. (2024),2024,,,,,
Stéphanie Delaune et al.: Formal Security Analysis of Widevine through the W3C EME Standard. (2024),2024,,,,,
Zihao Zhan et al.: VoltSchemer: Use Voltage Noise to Manipulate Your Wireless Charger. (2024),2024,,,,,
Stefanos Chaliasos et al.: SoK: What don't we know? Understanding Security Vulnerabilities in SNARKs. (2024),2024,,,,,
Stefan Gast et al.: SnailLoad: Exploiting Remote Network Latency Measurements without JavaScript. (2024),2024,3,X,X,X,
Tiantian Liu et al.: MicGuard: A Comprehensive Detection System against Out-of-band Injection Attacks for Different Level Microphone-based Devices. (2024),2024,,,,,
Zilong Lin et al.: Malla: Demystifying Real-world Large Language Model Integrated Malicious Services. (2024),2024,,,,,
Zion Leonahenahe Basque et al.: Ahoy SAILR! There is No Need to DREAM of C: A Compiler-Aware Structuring Algorithm for Binary Decompilation. (2024),2024,,,,,
Zirui Huang et al.: UBA-Inf: Unlearning Activated Backdoor Attack with Influence-Driven Camouflage. (2024),2024,,,,,
Sophia Yoo et al.: SmartCookie: Blocking Large-Scale SYN Floods with a Split-Proxy Defense on Programmable Data Planes. (2024),2024,3,X,X,X,
Yi Xiang et al.: Critical Code Guided Directed Greybox Fuzzing for Commits. (2024),2024,,,,,
Songze Li and Yanbo Dai: BackdoorIndicator: Leveraging OOD Data for Proactive Backdoor Detection in Federated Learning. (2024),2024,,,,,
Songlei Wang et al.: GraphGuard: Private Time-Constrained Pattern Detection Over Streaming Graphs in the Cloud. (2024),2024,,,,,
Ziyi Guo et al.: Take a Step Further: Understanding Page Spray in Linux Kernel Exploitation. (2024),2024,3,x,x,x,
Ziyu Lin et al.: CDN Cannon: Exploiting CDN Back-to-Origin Strategies for Amplification Attacks. (2024),2024,,,,,
Siyue Feng et al.: FIRE: Combining Multi-Stage Filtering with Taint Analysis for Scalable Recurring Vulnerability Detection. (2024),2024,,,,,
Sioli O'Connell et al.: Pixel Thief: Exploiting SVG Filter Leakage in Firefox and Chrome. (2024),2024,,,,,
Yi He et al.: Demystifying the Security Implications in IoT Device Rental Services. (2024),2024,,,,,
Zonghao Huang et al.: The Impact of Exposed Passwords on Honeyword Efficacy. (2024),2024,,,,,
Zongyang Zhang et al.: Fast RS-IOP Multivariate Polynomial Commitments and Verifiable Secret Sharing. (2024),2024,,,,,
Yibo Wang et al.: Understanding Ethereum Mempool Security under Asymmetric DoS by Symbolized Stateful Fuzzing. (2024),2024,3,X,X,X,
Tianshuo Han et al.: CARDSHARK: Understanding and Stablizing Linux Kernel Concurrency Bugs Against the Odds. (2024),2024,,,,,
Tianrou Xia et al.: DEEPTYPE: Refining Indirect Call Targets with Strong Multi-layer Type Analysis. (2024),2024,,,,,
Tianle Sun et al.: All Your Tokens are Belong to Us: Demystifying Address Verification Vulnerabilities in Solidity Smart Contracts. (2024),2024,,,,,
Tianchang Yang et al.: ORANalyst: Systematic Testing Framework for Open RAN Implementations. (2024),2024,3,X,X,X,
Zhenghang Ren et al.: Accelerating Secure Collaborative Machine Learning with Protocol-Aware RDMA. (2024),2024,3,X,X,X,
Yifeng Cai et al.: FAMOS: Robust Privacy-Preserving Authentication on Payment Apps via Federated Multi-Modal Contrastive Learning. (2024),2024,,,,,
Zhenkai Zhang et al.: Invalidate+Compare: A Timer-Free GPU Cache Attack Primitive. (2024),2024,,,,,
Zhenpeng Lin et al.: CAMP: Compiler and Allocator-based Heap Memory Protection. (2024),2024,,,,,
Zhenxiao Qi et al.: SymFit: Making the Common (Concrete) Case Fast for Binary-Code Concolic Execution. (2024),2024,3,x,x,x,
Yan Lin et al.: Peep With A Mirror: Breaking The Integrity of Android App Sandboxing via Unprivileged Cache Side Channel. (2024),2024,,,,,
Zhibo Xu et al.: OblivGNN: Oblivious Inference on Transductive and Inductive Graph Neural Network. (2024),2024,1,"In this paper, we present a comprehensive solution to enable secure GNN inference in MLaaS, named OblivGNN. OblivGNN is designed to support both transductive (static graph) and inductive (dynamic graph) inference services without revealing either graph data or GNN models",3,a,"BNK,PH,ML,WEB"
Zhifeng Jiang et al.: Lotto: Secure Participant Selection against Adversarial Servers in Federated Learning. (2024),2024,3,X,X,X,
Zhiyuan Yu et al.: Don't Listen To Me: Understanding and Exploring Jailbreak Prompts of Large Language Models. (2024),2024,3,X,X,X,
Zhuolin Yang et al.: Can Virtual Reality Protect Users from Keystroke Inference Attacks? (2024),2024,,,,,
Youssef Tobah et al.: Go Go Gadget Hammer: Flipping Nested Pointers for Arbitrary Data Leakage. (2024),2024,,,,,
"Yanxue Jia et al.: Scalable Private Set Union, with Stronger Security. (2024)",2024,,,,,
"Swaathi Vetrivel et al.: IoT Market Dynamics: An Analysis of Device Sales, Security and Privacy Signals, and their Interactions. (2024)",2024,,,,,
Syed Ghazanfar Abbas et al.: SAIN: Improving ICS Attack Detection Sensitivity via State-Aware Invariants. (2024),2024,,,,,
Xiaoting Lyu et al.: Lurking in the shadows: Unveiling Stealthy Backdoor Attacks against Personalized Federated Learning. (2024),2024,3,X,X,X,
Yang Lou et al.: A First Physical-World Trajectory Prediction Attack via LiDAR-induced Deceptions in Autonomous Driving. (2024),2024,3,X,X,X,
Tania Ghafourian et al.: From the Childhood Past: Views of Young Adults on Parental Sharing of Children's Photos. (2024),2024,,,,,
Yanan Guo et al.: GPU Memory Exploitation for Fun and Profit. (2024),2024,,,,,
"Tanusree Sharma et al.: ""I'm not convinced that they don't collect more than is necessary"": User-Controlled Data Minimization Design in Search Engines. (2024)",2024,,,,,
Yifan Zhang et al.: Navigating the Privacy Compliance Maze: Understanding Risks with Privacy-Configurable Mobile SDKs. (2024),2024,,,,,
Giulia Scaffino et al.: Glimpse: On-Demand PoW Light Client with Constant-Size Storage for DeFi. (2023),2023,,,,,
Claudio Anliker et al.: Time for Change: How Clocks Break UWB Secure Ranging. (2023),2023,3,X,X,X,
"Garrett Smith et al.: ""If I could do this, I feel anyone could: "" The Design and Evaluation of a Secondary Authentication Factor Manager. (2023)",2023,,,,,
Daniël Trujillo et al.: Inception: Exposing New Attack Surfaces with Training in Transient Execution. (2023),2023,,,,,
Daniël Reijsbergen et al.: TAP: Transparent and Privacy-Preserving Data Services. (2023),2023,1,"Our goal is to build a data service system with the following properties. First, it supports a wide range of queries that compute aggregates over the data of many independent users. Second, it protects data privacy from adversarial users. Third, it protects data integrity and transparency from an adversarial provider. Finally, it has a reasonable performance overhead, and scales well when the number of users increases.",2,c,"DPI,ADD"
Daniel Moghimi: Downfall: Exploiting Speculative Data Gathering. (2023),2023,3,X,X,X,
Chenyang Lyu et al.: MINER: A Hybrid Data-Driven Approach for REST API Fuzzing. (2023),2023,,,,,
Cong Zhang et al.: Linear Private Set Union from Multi-Query Reverse Private Membership Test. (2023),2023,1,"In this work, we resolve this open problem by proposing a generic framework of PSU from oblivious transfer and a newly introduced protocol called multi-query reverse private membership test (mq-RPMT). We present two generic constructions of mq-RPMT",2,a,"DAD,CNP"
Chong Fu et al.: FreeEagle: Detecting Complex Neural Trojans in Data-Free Cases. (2023),2023,3,x,x,x,
Christof Ferreira Torres et al.: Is Your Wallet Snitching On You? An Analysis on the Privacy Implications of Web3. (2023),2023,3,X,X,X,
Daniel Klischies et al.: Instructions Unclear: Undefined Behaviour in Cellular Network Specifications. (2023),2023,,,,,
Cyrill Krähenbühl et al.: FABRID: Flexible Attestation-Based Routing for Inter-Domain Networks. (2023),2023,,,,,
Grace H. Cimaszewski et al.: How Effective is Multiple-Vantage-Point Domain Control Validation? (2023),2023,,,,,
Gelei Deng et al.: NAUTILUS: Automated RESTful API Vulnerability Detection. (2023),2023,,,,,
Daniel Katzman et al.: The Gates of Time: Improving Cache Attacks with Transient Execution. (2023),2023,3,X,X,X,
Daniel Hugenroth and Alastair R. Beresford: Powering Privacy: On the Energy Demand and Feasibility of Anonymity Networks on Smartphones. (2023),2023,3,x,x,x,
Conor Gilsenan et al.: Security and Privacy Failures in Popular 2FA Apps. (2023),2023,,,,,
Dañiel Gerhardt et al.: Investigating Verification Behavior and Perceptions of Visual Digital Certificates. (2023),2023,,,,,
Cristian-Alexandru Staicu et al.: Bilingual Problems: Studying the Security Risks Incurred by Native Extensions in Scripting Languages. (2023),2023,3,x,x,x,
Gertjan Franken et al.: A Bug's Life: Analyzing the Lifecycle and Mitigation Process of Content Security Policy Bugs. (2023),2023,,,,,
Federico Canale et al.: SCARF - A Low-Latency Block Cipher for Secure Cache-Randomization. (2023),2023,,,,,
Dino Mehmedagic et al.: Design of Access Control Mechanisms in Systems-on-Chip with Formal Integrity Guarantees. (2023),2023,3,X,X,X,
Fan Yang et al.: PROGRAPHER: An Anomaly Detection System based on Provenance Graph Embedding. (2023),2023,,,,,
Fabio Gritti et al.: Confusum Contractum: Confused Deputy Vulnerabilities in Ethereum Smart Contracts. (2023),2023,3,x,x,x,
Fabian Ising et al.: Content-Type: multipart/oracle - Tapping into Format Oracles in Email End-to-End Encryption. (2023),2023,,,,,
Evangelos Bitsikas et al.: Freaky Leaky SMS: Extracting User Locations by Analyzing SMS Timings. (2023),2023,3,X,X,X,
Domien Schepers et al.: Framing Frames: Bypassing Wi-Fi Encryption by Manipulating Transmit Queues. (2023),2023,,,,,
Guangke Chen et al.: QFA2SR: Query-Free Adversarial Transfer Attacks to Speaker Recognition Systems. (2023),2023,,,,,
Dominic Deuber et al.: Assessing Anonymity Techniques Employed in German Court Decisions: A De-Anonymization Experiment. (2023),2023,,,,,
"Federico Cernera et al.: Token Spammers, Rug Pulls, and Sniper Bots: An Analysis of the Ecosystem of Tokens in Ethereum and in the Binance Smart Chain (BNB). (2023)",2023,,,,,
Elaine Lau and Zachary Peterson: A Research Framework and Initial Study of Browser Security for the Visually Impaired. (2023),2023,,,,,
Elias Heftrig et al.: Downgrading DNSSEC: How to Exploit Crypto Agility for Hijacking Signed Zones. (2023),2023,2,"we show for the first time that the cryptographic agility in DNSSEC, although critical for making DNS secure with strong cryptography, also introduces a severe vulnerability.",3,c,CNP
Elsa Turcios Rodriguez et al.: Two Sides of the Shield: Understanding Protective DNS adoption factors. (2023),2023,,,,,
Eunsoo Kim et al.: BASECOMP: A Comparative Analysis for Integrity Protection in Cellular Baseband Software. (2023),2023,,,,,
Eric Pauley et al.: DScope: A Cloud-Native Internet Telescope. (2023),2023,,,,,
Deepak Sirone Jegan et al.: Guarding Serverless Applications with Kalium. (2023),2023,,,,,
Gabriel K. Gegenhuber et al.: MobileAtlas: Geographically Decoupled Measurements in Cellular Networks for Security and Privacy Research. (2023),2023,3,X,X,X,
Floris Gorter et al.: FloatZone: Accelerating Memory Error Detection using the Floating Point Unit. (2023),2023,,,,,
David A. Basin et al.: Inducing Authentication Failures to Bypass Credit Card PINs. (2023),2023,,,,,
David Balbás et al.: Cryptographic Administration for Secure Group Messaging. (2023),2023,,,,,
David G. Balash et al.: Educators' Perspectives of Using (or Not Using) Online Exam Proctoring. (2023),2023,,,,,
Dawei Wang et al.: CarpetFuzz: Automatic Program Option Constraint Extraction from Documentation for Fuzzing. (2023),2023,3,X,X,X,
Fieke Miedema et al.: Mixed Signals: Analyzing Ground-Truth Data on the Users and Economics of a Bitcoin Mixing Service. (2023),2023,,,,,
Daniel W. Woods et al.: Lessons Lost: Incident Response in the Age of Cyber Insurance and Breach Attorneys. (2023),2023,3,X,X,X,
Feras Al Kassar et al.: WHIP: Improving Static Vulnerability Detection in Web Application by Forcing tools to Collaborate. (2023),2023,,,,,
Deevashwer Rathee et al.: Secure Floating-Point Training. (2023),2023,,,,,
Feng Wei et al.: xNIDS: Explaining Deep Learning-based Network Intrusion Detection Systems for Active Intrusion Responses. (2023),2023,,,,,
Dilawer Ahmed et al.: Spying through Your Voice Assistants: Realistic Voice Command Fingerprinting. (2023),2023,,,,,
Ding Wang et al.: No Single Silver Bullet: Measuring the Accuracy of Password Strength Meters. (2023),2023,,,,,
Ding Wang et al.: Pass2Edit: A Multi-Step Generative Model for Guessing Edited Passwords. (2023),2023,3,X,X,X,
Feng Dong et al.: DISTDET: A Cost-Effective Distributed Cyber Threat Detection System. (2023),2023,,,,,
Ding Wang et al.: Password Guessing Using Random Forest. (2023),2023,,,,,
Anrin Chakraborti et al.: Distance-Aware Private Set Intersection. (2023),2023,,,,,
Alessandro Chiesa et al.: Eos: Efficient Private Delegation of zkSNARK Provers. (2023),2023,3,X,X,X,
Bingyu Shen et al.: Improving Logging to Reduce Permission Over-Granting Mistakes. (2023),2023,3,X,X,X,
Antigoni Polychroniadou et al.: Prime Match: A Privacy-Preserving Inventory Matching System. (2023),2023,1,We provide a solution that enables clients to match their orders efficiently with reduced market impact while maintaining privacy.,4,"a,c","BNK,DAD"
Bingyu Shen et al.: Multiview: Finding Blind Spots in Access-Deny Issues Diagnosis. (2023),2023,,,,,
Binlin Cheng et al.: On the Feasibility of Malware Unpacking via Hardware-assisted Loop Profiling. (2023),2023,,,,,
Anthony Gavazzi et al.: A Study of Multi-Factor and Risk-Based Authentication Availability. (2023),2023,,,,,
Anrin Chakraborti et al.: Wink: Deniable Secure Messaging. (2023),2023,1,"This work introduces Wink, the first plausibly-deniable messaging system protecting message confidentiality from partial device compromise and compelled key disclosure.",4,"a,c",MSG
Birk Blechschmidt and Ben Stock: Extended Hell(o): A Comprehensive Large-Scale Study on Email Confidentiality and Integrity Mechanisms in the Wild. (2023),2023,,,,,
Binbin Zhao et al.: UVSCAN: Detecting Third-Party Component Usage Violations in IoT Firmware. (2023),2023,,,,,
Boyang Zhang et al.: A Plot is Worth a Thousand Words: Model Information Stealing Attacks via Scientific Plots. (2023),2023,,,,,
Brett Hemenway Falk et al.: GigaDORAM: Breaking the Billion Address Barrier. (2023),2023,1,"We design and implement GigaDORAM, a novel 3-server Distributed Oblivious Random Access Memory (DORAM) protocol.",3,a,"CNP,DDC,CC"
Alden Hilton et al.: Fourteen Years in the Life: A Root Server's Perspective on DNS Resolver Security. (2023),2023,,,,,
Brian Tang and Kang G. Shin: Eye-Shield: Real-Time Protection of Mobile Device Screen Information from Shoulder Surfing. (2023),2023,,,,,
Alan F. Luo et al.: How Library IT Staff Navigate Privacy and Security Challenges and Responsibilities. (2023),2023,,,,,
Carlo Meijer et al.: All cops are broadcasting: TETRA under scrutiny. (2023),2023,,,,,
Alexandra Henzinger et al.: One Server for the Price of Two: Simple and Fast Single-Server Private Information Retrieval. (2023),2023,,,,,
"Alexandre Debant and Lucca Hirschi: Reversing, Breaking, and Fixing the French Legislative Election E-Voting Protocol. (2023)",2023,2,studying the French legal framework and by reverse-engineering the code base accessible to the voters,3,a,VOT
Alexandra Nisenoff et al.: User Awareness and Behaviors Concerning Encrypted DNS Settings in Web Browsers. (2023),2023,3,x,x,x,
Athanasios Avgetidis et al.: Beyond The Gates: An Empirical Analysis of HTTP-Managed Password Stealers and Operators. (2023),2023,3,X,X,X,
"Alexandra Nisenoff et al.: Defining ""Broken"": User Experiences and Remediation Tactics When Ad-Blocking or Tracking-Protection Tools Break a Website's User Experience. (2023)",2023,,,,,
"Allan Lyons et al.: Log: It's Big, It's Heavy, It's Filled with Personal Data! Measuring the Logging of Sensitive Information in the Android Ecosystem. (2023)",2023,3,X,X,X,
Alexandra Nisenoff et al.: A Two-Decade Retrospective Analysis of a University's Vulnerability to Attacks Exploiting Reused Passwords. (2023),2023,3,X,X,X,
Babak Amin Azad et al.: AnimateDead: Debloating Web Applications Using Concolic Execution. (2023),2023,,,,,
"Alaa Daffalla et al.: Account Security Interfaces: Important, Unintuitive, and Untrustworthy. (2023)",2023,,,,,
Chenghong Wang et al.: Private Proof-of-Stake Blockchains using Differentially-Private Stake Distortion. (2023),2023,1,"First, we present the first stake inference attack applicable to both deterministic and randomized PoS with exponentially less running time in comparison with SOTA designs. Second, we use differentially private stake distortion to achieve privacy in PoS blockchains, and design two stake distortion mechanisms that any PoS protocol can use",4,c,6-BLK
Alexander Viand et al.: HECO: Fully Homomorphic Encryption Compiler. (2023),2023,,,,,
Alexander Marder et al.: Access Denied: Assessing Physical Risks to Internet Access Networks. (2023),2023,,,,,
Alexander Krause et al.: Pushed by Accident: A Mixed-Methods Study on Strategies of Handling Secret Information in Source Code Repositories. (2023),2023,,,,,
"Alexander Bienstock et al.: Near-Optimal Oblivious Key-Value Stores for Efficient PSI, PSU and Volume-Hiding Multi-Maps. (2023)",2023,,,,,
Bin Zhang et al.: Automated Exploitable Heap Layout Generation for Heap Overflows Through Manipulation Distance-Guided Fuzzing. (2023),2023,,,,,
Alex Luoyuan Xiong et al.: VeriZexe: Decentralized Private Computation with Universal Setup. (2023),2023,,,,,
Cen Zhang et al.: Automata-Guided Control-Flow-Sensitive Fuzz Driver Generation. (2023),2023,3,X,X,X,
Chen Chen et al.: HyPFuzz: Formal-Assisted Processor Fuzzing. (2023),2023,3,x,x,x,
"Charlie Jacomme et al.: A comprehensive, formal and automated analysis of the EDHOC protocol. (2023)",2023,,,,,
Chaoshun Zuo et al.: A Peek into the Metaverse: Detecting 3D Model Clones in Mobile Games. (2023),2023,,,,,
Andrew Kwong et al.: Checking Passwords on Leaky Computers: A Side Channel Analysis of Chrome's Password Leak Detect Protocol. (2023),2023,,,,,
Adam Caulfield et al.: ACFA: Secure Runtime Auditing & Guaranteed Device Healing via Active Control Flow Attestation. (2023),2023,3,x,x,x,
Cheng-Long Wang et al.: Inductive Graph Unlearning. (2023),2023,,,,,
Chao Wang et al.: One Size Does Not Fit All: Uncovering and Exploiting Cross Platform Discrepant APIs in WeChat. (2023),2023,,,,,
Andreas Kogler et al.: Collide+Power: Leaking Inaccessible Data with Software-based Power Side Channels. (2023),2023,,,,,
Andrew Searles et al.: An Empirical Study & Evaluation of Modern CAPTCHAs. (2023),2023,,,,,
Changlai Du et al.: UCBlocker: Unwanted Call Blocking Using Anonymous Authentication. (2023),2023,,,,,
Adi Akavia et al.: CSHER: A System for Compact Storage with HE-Retrieval. (2023),2023,3,X,X,X,
Abdullah AlHamdan and Cristian-Alexandru Staicu: SandDriller: A Fully-Automated Approach for Testing Language-Based JavaScript Sandboxes. (2023),2023,,,,,
Adithya Vadapalli et al.: Duoram: A Bandwidth-Efficient Distributed ORAM for 2- and 3-Party Computation. (2023),2023,1,"This paper presents DUORAM, a DORAM protocol with instantiations in either 2- or 3-party settings tolerating a single passive corruption.",2,a,"CC,DAD"
Changchang Ding and Yan Huang: Dubhe: Succinct Zero-Knowledge Proofs for Standard AES and related Applications. (2023),2023,,,,,
Afonso Tinoco et al.: EnigMap: External-Memory Oblivious Map for Secure Enclaves. (2023),2023,,,,,
Cheng'an Wei et al.: Aliasing Backdoor Attacks on Pre-trained Models. (2023),2023,3,X,X,X,
Ang Li et al.: PhyAuth: Physical-Layer Message Authentication for ZigBee Networks. (2023),2023,,,,,
Cas Cremers et al.: Formal Analysis of SPDM: Security Protocol and Data Model version 1.2. (2023),2023,,,,,
Abderrahmen Amich et al.: DeResistor: Toward Detection-Resistant Probing for Evasion of Internet Censorship. (2023),2023,,,,,
Cas Cremers et al.: Formal Analysis of Session-Handling in Secure Messaging: Lifting Security from Sessions to Conversations. (2023),2023,,,,,
Cas Cremers et al.: Automated Analysis of Protocols that use Authenticated Encryption: How Subtle AEAD Differences can impact Protocol Security. (2023),2023,2,"""We provide the first automated analysis method for pro- tocols that use AEADs that can systematically find attacks that exploit the subtleties of the specific type of AEAD used. This can then be used to analyze specific protocols with a fixed AEAD choice, or to provide guidance on which AEADs might be (in)sufficient to make a protocol design secure.""",4,c,6-BLK
Aishan Liu et al.: X-Adv: Physical Adversarial Object Attacks against X-ray Prohibited Item Detection. (2023),2023,,,,,
Carter Yagemann et al.: PUMM: Preventing Use-After-Free Using Execution Unit Partitioning. (2023),2023,,,,,
Carter Slocum et al.: Going through the motions: AR/VR keylogging from user head motions. (2023),2023,3,X,X,X,
Karola Marky et al.: In the Quest to Protect Users from Side-Channel Attacks - A User-Centred Design Space to Mitigate Thermal Attacks on Public Payment Terminals. (2023),2023,,,,,
Hongbo Chen et al.: A Verified Confidential Computing as a Service Framework for Privacy Preservation. (2023),2023,,,,,
Lanqing Yang et al.: Remote Attacks on Speech Recognition Systems Using Sound from Power Supply. (2023),2023,,,,,
Hengkai Ye et al.: VIPER: Spotting Syscall-Guard Variables for Data-Only Attacks. (2023),2023,,,,,
"Leo Stone et al.: No Linux, No Problem: Fast and Correct Windows Binary Fuzzing via Target-embedded Snapshotting. (2023)",2023,,,,,
Hieu Le et al.: AutoFR: Automated Filter Rule Generation for Adblocking. (2023),2023,,,,,
"Lea Gröber et al.: To Cloud or not to Cloud: A Qualitative Study on Self-Hosters' Motivation, Operation, and Security Mindset. (2023)",2023,,,,,
Khaled Serag et al.: ZBCAN: A Zero-Byte CAN Defense System. (2023),2023,3,X,X,X,
Hui Peng et al.: GLeeFuzz: Fuzzing WebGL Through Error Message Guided Mutation. (2023),2023,3,X,X,X,
Keane Lucas et al.: Adversarial Training for Raw-Binary Malware Classifiers. (2023),2023,,,,,
Hui Jun Tay et al.: Greenhouse: Single-Service Rehosting of Linux-Based Firmware Binaries in User-Space Emulation. (2023),2023,,,,,
Kenneth G. Paterson et al.: Three Lessons From Threema: Analysis of a Secure Messenger. (2023),2023,,,,,
Kevin Eykholt et al.: URET: Universal Robustness Evaluation Toolkit (for Evasion). (2023),2023,,,,,
Kevin Morio et al.: Automated Security Analysis of Exposure Notification Systems. (2023),2023,,,,,
Kyungtae Kim et al.: Fuzz The Power: Dual-role State Guided Black-box Fuzzing for USB Power Delivery. (2023),2023,3,x,x,x,
Komail Dharsee and John Criswell: Jinn: Hijacking Safe Programs with Trojans. (2023),2023,,,,,
Kong Huang et al.: HOMESPY: The Invisible Sniffer of Infrared Remote Control of Smart TVs. (2023),2023,,,,,
"Hritvik Taneja et al.: Hot Pixels: Frequency, Power, and Temperature Attacks on GPUs and Arm SoCs. (2023)",2023,,,,,
"Kovila P. L. Coopamootoo and Magdalene Ng: ""Un-Equal Online Safety?"" A Gender Analysis of Security and Privacy Protection Advice and Behaviour Patterns. (2023)",2023,,,,,
Kunal Mukherjee et al.: Evading Provenance-Based ML Detectors with Adversarial System Actions. (2023),2023,,,,,
Hongyi Liu et al.: Remote Direct Memory Introspection. (2023),2023,,,,,
Massimiliano Taverna and Kenneth G. Paterson: Snapping Snap Sync: Practical Attacks on Go Ethereum Synchronising Nodes. (2023),2023,,,,,
Hammas Bin Tanveer et al.: Glowing in the Dark: Uncovering IPv6 Address Discovery and Scanning Strategies in the Wild. (2023),2023,3,x,x,x,
Hamid Mozaffari et al.: Every Vote Counts: Ranking-Based Training of Federated Learning to Resist Poisoning Attacks. (2023),2023,3,X,X,X,
Haiming Wang et al.: PrivTrace: Differentially Private Trajectory Synthesis by Adaptive Markov Models. (2023),2023,,,,,
Marco Squarcina et al.: Cookie Crumbles: Breaking and Fixing Web Session Integrity. (2023),2023,,,,,
Marius Fleischer et al.: ACTOR: Action-Guided Kernel Fuzzing. (2023),2023,,,,,
Hailun Ding et al.: The Case for Learned Provenance Graph Storage Systems. (2023),2023,,,,,
Hailun Ding et al.: AIRTAG: Towards Automated Attack Investigation by Unsupervised Learning with Log Texts. (2023),2023,,,,,
Haibin Zhang et al.: WaterBear: Practical Asynchronous BFT Matching Security Guarantees of Partially Synchronous BFT. (2023),2023,,,,,
Han Zheng et al.: FISHFUZZ: Catch Deeper Bugs by Throwing Larger Nets. (2023),2023,,,,,
Habiba Farrukh et al.: LocIn: Inferring Semantic Location from Spatial Maps in Mixed Reality. (2023),2023,,,,,
Matteo Campanelli et al.: Curve Trees: Practical and Transparent Zero-Knowledge Accumulators. (2023),2023,,,,,
Gustavo Sandoval et al.: Lost at C: A User Study on the Security Implications of Large Language Model Code Assistants. (2023),2023,,,,,
Guoren Li et al.: A Hybrid Alias Analysis and Its Application to Global Variable Protection in the Linux Kernel. (2023),2023,3,X,X,X,
Matthias Gierlings et al.: Isolated and Exhausted: Attacking Operating Systems via Site Isolation in the Browser. (2023),2023,,,,,
Maximilian Zinkus et al.: McFIL: Model Counting Functionality-Inherent Leakage. (2023),2023,,,,,
Guanhong Tao et al.: Hard-label Black-box Universal Adversarial Patch Attack. (2023),2023,,,,,
Harrison Rosenberg et al.: Fairness Properties of Face Recognition and Obfuscation Systems. (2023),2023,3,X,X,X,
Lesly-Ann Daniel et al.: ProSpeCT: Provably Secure Speculation for the Constant-Time Policy. (2023),2023,,,,,
Liang Niu et al.: CodexLeaks: Privacy Leaks from Code Generation Language Models in GitHub Copilot. (2023),2023,,,,,
Harun Oz et al.: RøB: Ransomware over Modern Web Browsers. (2023),2023,,,,,
"Lina Brunken et al.: ""To Do This Properly, You Need More Resources"": The Hidden Costs of Introducing Simulated Phishing Campaigns. (2023)",2023,3,X,X,X,
Lorenz Kustosch et al.: Measuring Up to (Reasonable) Consumer Expectations: Providing an Empirical Basis for Holding IoT Manufacturers Legally Responsible. (2023),2023,,,,,
Lu Zhou et al.: POLICYCOMP: Counterpart Comparison of Privacy Policies Uncovers Overbroad Personal Data Collection Practices. (2023),2023,3,X,X,X,
Luca Di Bartolomeo et al.: ARMore: Pushing Love Back Into Binaries. (2023),2023,3,x,x,x,
Heng Li et al.: Black-box Adversarial Example Attack towards FCG Based Android Malware Detection under Incomplete Feature Information. (2023),2023,3,X,X,X,
Lukas Lamster et al.: HashTag: Hash-based Integrity Protection for Tagged Architectures. (2023),2023,3,X,X,X,
Haotian Chi et al.: Detecting and Handling IoT Interaction Threats in Multi-Platform Multi-Control-Channel Smart Homes. (2023),2023,,,,,
Lukas Seidel et al.: Forming Faster Firmware Fuzzers. (2023),2023,,,,,
Madelyne Xiao et al.: Account Verification on Social Media: User Perceptions and Paid Enrollment. (2023),2023,,,,,
Haohuang Wen and Zhiqiang Lin: Egg Hunt in Tesla Infotainment: A First Look at Reverse Engineering of Qt Binaries. (2023),2023,,,,,
Hao Cui et al.: PoliGraph: Automated Privacy Policy Analysis using Knowledge Graphs. (2023),2023,,,,,
Jialai Wang et al.: Aegis: Mitigating Targeted Bit-flip Attacks against Deep Neural Networks. (2023),2023,3,X,X,X,
"Jonah Stegman et al.: ""My Privacy for their Security"": Employees' Privacy Perspectives and Expectations when using Enterprise Security Software. (2023)",2023,3,X,X,X,
Jian Qu et al.: An Input-Agnostic Hierarchical Deep Learning Framework for Traffic Fingerprinting. (2023),2023,,,,,
Iskander Sánchez-Rola et al.: Rods with Laser Beams: Understanding Browser Fingerprinting on Phishing Pages. (2023),2023,3,X,X,X,
"Jonas Hielscher et al.: ""Employees Who Don't Accept the Time Security Takes Are Not Aware Enough"": The CISO View of Human-Centred Security. (2023)",2023,3,X,X,X,
Jonathan Prokos et al.: Squint Hard Enough: Attacking Perceptual Hashing with Adversarial Machine Learning. (2023),2023,,,,,
Jonghoon Kwon et al.: Did the Shark Eat the Watchdog in the NTP Pool? Deceiving the NTP Pool's Monitoring System. (2023),2023,,,,,
Jana Hofmann et al.: Speculation at Fault: Modeling and Testing Microarchitectural Leakage of CPU Exceptions. (2023),2023,,,,,
Jiangyi Deng et al.: Catch You and I Can: Revealing Source Voiceprint Against Voice Conversion. (2023),2023,,,,,
"Jaron Mink et al.: ""Security is not my field, I'm a stats guy"": A Qualitative Root Cause Analysis of Barriers to Adversarial Machine Learning Defenses in Industry. (2023)",2023,,,,,
Ioannis Angelakopoulos et al.: FirmSolo: Enabling dynamic analysis of binary Linux-based IoT kernel modules. (2023),2023,3,x,x,x,
Guangmeng Zhou et al.: An Efficient Design of Intelligent Network Data Plane. (2023),2023,,,,,
Jiahao Yu et al.: AIRS: Explanation for Deep Reinforcement Learning based Security Applications. (2023),2023,3,X,X,X,
Julia Hesse et al.: How to Bind Anonymous Credentials to Humans. (2023),2023,,,,,
Jinyuan Jia et al.: PORE: Provably Robust Recommender Systems against Data Poisoning Attacks. (2023),2023,1,"PORE, the first framework to build provably robust recommender systems in this work. PORE can transform any existing recommender system to be provably robust against any untargeted data poisoning attacks, which aim to reduce the overall performance of a recommender system.",3,"a,b","WEB,ML"
Jietao Xiao et al.: Attacks are Forwarded: Breaking the Isolation of MicroVM-based Containers Through Operation Forwarding. (2023),2023,3,X,X,X,
James Bell et al.: ACORN: Input Validation for Secure Aggregation. (2023),2023,,,,,
Jakob Koschel et al.: Uncontained: Uncovering Container Confusion in the Linux Kernel. (2023),2023,,,,,
Jiawei Zhang et al.: DiffSmooth: Certifiably Robust Learning via Diffusion Models and Local Smoothing. (2023),2023,3,x,x,x,
Jinwen Wang et al.: ARI: Attestation of Real-time Mission Execution Integrity. (2023),2023,,,,,
Jan Philipp Thoma et al.: ClepsydraCache - Preventing Cache Attacks with Time-Based Evictions. (2023),2023,,,,,
Jinyan Xu et al.: MorFuzz: Fuzzing Processor via Runtime Instruction Morphing enhanced Synchronizable Co-simulation. (2023),2023,3,X,X,X,
Jianwen Tian et al.: Sparsity Brings Vulnerabilities: Exploring New Metrics in Backdoor Attacks. (2023),2023,,,,,
Inyoung Bang et al.: TRust: A Compilation Framework for In-process Isolation to Protect Safe Rust against Untrusted Code. (2023),2023,,,,,
Jisoo Jang et al.: ReUSB: Replay-Guided USB Driver Fuzzing. (2023),2023,3,X,X,X,
Jiwon Kim et al.: Intender: Fuzzing Intent-Based Networking with Intent-State Transition Guidance. (2023),2023,,,,,
Jiwoo Shin et al.: RIDAS: Real-time identification of attack sources on controller area networks. (2023),2023,,,,,
Jiyong Yu et al.: Synchronization Storage Channels (S2C): Timer-less Cache Side-Channel Attacks on the Apple M1 via Hardware Synchronization Instructions. (2023),2023,3,x,x,x,
Jan Wichelmann et al.: Cipherfix: Mitigating Ciphertext Side-Channel Attacks in Software. (2023),2023,,,,,
Jianhao Xu et al.: Silent Bugs Matter: A Study of Compiler-Introduced Security Bugs. (2023),2023,,,,,
"Jiangyi Deng et al.: V-Cloak: Intelligibility-, Naturalness- & Timbre-Preserving Real-Time Voice Anonymization. (2023)",2023,3,X,X,X,
Ilia Shevrin and Oded Margalit: Detecting Multi-Step IAM Attacks in AWS Environments via Model Checking. (2023),2023,,,,,
Hyungsub Kim et al.: PatchVerif: Discovering Faulty Patches in Robotic Vehicles. (2023),2023,,,,,
Hyungseok Kim et al.: Reassembly is Hard: A Reflection on Challenges and Strategies. (2023),2023,,,,,
Kai Yue et al.: Gradient Obfuscation Gives a False Sense of Security in Federated Learning. (2023),2023,,,,,
Ka Lok Wu et al.: Back to School: On the (In)Security of Academic VPNs. (2023),2023,,,,,
Jesse De Meulemeester et al.: SpectrEM: Exploiting Electromagnetic Emanations During Transient Execution. (2023),2023,,,,,
Kaihua Qin et al.: The Blockchain Imitation Game. (2023),2023,,,,,
Kailani R. Jones et al.: Work-From-Home and COVID-19: Trajectories of Endpoint Security Management in a Security Operations Center. (2023),2023,,,,,
Junzhe Wang et al.: Can a Deep Learning Model for One Architecture Be Used for Others? Retargeted-Architecture Binary Code Analysis. (2023),2023,3,X,X,X,
Junjie Wang et al.: FuzzJIT: Oracle-Enhanced Fuzzing for JavaScript Engine JIT Compiler. (2023),2023,,,,,
"Jessica McClearn et al.: Othered, Silenced and Scapegoated: Understanding the Situated Security of Marginalised Populations in Lebanon. (2023)",2023,,,,,
Ian Chang et al.: HOLMES: Efficient Distribution Testing for Secure Collaborative Learning. (2023),2023,,,,,
Julien Piet et al.: Network Detection of Interactive SSH Impostors Using Deep Learning. (2023),2023,,,,,
Ji Shi et al.: AIFORE: Smart Fuzzing Based on Automatic Input Format Reverse Engineering. (2023),2023,,,,,
HyungBin Seo and MyungKeun Yoon: Generative Intrusion Detection and Prevention on Data Stream. (2023),2023,,,,,
Jason Zhijingcheng Yu et al.: Capstone: A Capability-based Foundation for Trustless Secure Memory Access. (2023),2023,3,x,x,x,
Kaiming Cheng et al.: Exploring User Reactions and Mental Models Towards Perceptual Manipulation Attacks in Mixed Reality. (2023),2023,,,,,
Shradha Neupane et al.: Beyond Typosquatting: An In-depth Look at Package Confusion. (2023),2023,3,X,X,X,
Sharbani Pandit et al.: Combating Robocalls with Phone Virtual Assistant Mediated Interaction. (2023),2023,,,,,
Robert McLaughlin et al.: A Large Scale Study of the Ethereum Arbitrage Ecosystem. (2023),2023,3,X,X,X,
Robert Dumitru et al.: The Impostor Among US(B): Off-Path Injection Attacks on USB Communications. (2023),2023,,,,,
Shuai Li et al.: Notice the Imposter! A Study on User Tag Spoofing Attack in Mobile Apps. (2023),2023,,,,,
Rishabh Khandelwal et al.: Automated Cookie Notice Analysis and Enforcement. (2023),2023,3,X,X,X,
Renjie Xie et al.: Rosetta: Enabling Robust TLS Encrypted Traffic Classification in Diverse Network Environments with TCP-Aware Traffic Augmentation. (2023),2023,,,,,
Reethika Ramesh et al.: Network Responses to Russia's Invasion of Ukraine in 2022: A Cautionary Tale for Internet Freedom. (2023),2023,,,,,
"Reethika Ramesh et al.: ""All of them claim to be the best"": Multi-perspective study of VPN users and VPN providers. (2023)",2023,3,X,X,X,
Rasoul Jahanshahi et al.: Minimalist: Semi-automated Debloating of PHP Web Applications through Static Analysis. (2023),2023,,,,,
Siddharth Muralee et al.: ARGUS: A Framework for Staged Static Taint Analysis of GitHub Workflows and Actions. (2023),2023,,,,,
Sihang Liu et al.: Side-Channel Attacks on Optane Persistent Memory. (2023),2023,,,,,
Simon Koch et al.: The OK Is Not Enough: A Large Scale Study of Consent Dialogs in Smartphone Applications. (2023),2023,,,,,
Simon Rohlmann et al.: Every Signature is Broken: On the Insecurity of Microsoft Office's OOXML Signatures. (2023),2023,,,,,
Rasmus Dahlberg and Tobias Pulls: Timeless Timing Attacks and Preload Defenses in Tor's DNS Cache. (2023),2023,,,,,
Sen Deng et al.: CipherH: Automated Detection of Ciphertext Side-channel Vulnerabilities in Cryptographic Implementations. (2023),2023,,,,,
Sarvar Patel et al.: Don't be Dense: Efficient Keyword PIR for Sparse Databases. (2023),2023,,,,,
Sathvik Prasad et al.: Diving into Robocall Content with SnorCall. (2023),2023,3,X,X,X,
Santiago Cuéllar et al.: Cheesecloth: Zero-Knowledge Proofs of Real World Vulnerabilities. (2023),2023,1,"This paper presents CHEESECLOTH, a novel proofstatement compiler, which proves practical vulnerabilities in ZK by soundly-but-aggressively preprocessing programs on public inputs, selectively revealing information about executed control segments, and formalizing information leakage using a novel storage-labeling scheme.",3,"a,c",CRY
Sanjam Garg et al.: zkSaaS: Zero-Knowledge SNARKs as a Service. (2023),2023,1,"A crytographic system for doing SNARKs that allows for distributing proof computation across multiple servers such that each server is expected to run for a shorter duration than a single prover. Moreover, the privacy of the prover’s witness is ensured against any minority of colluding servers.",3,b,"BNK,ASC,6-BLK,DDC,ML,SE,WEB,JUR"
Sangdon Park et al.: ACon<sup>2</sup>: Adaptive Conformal Consensus for Provable Blockchain Oracles. (2023),2023,,,,,
Savino Dambra et al.: One Size Does not Fit All: Quantifying the Risk of Malicious App Encounters for Different Android User Profiles. (2023),2023,,,,,
"Sandra Höltervennhoff et al.: ""I wouldn't want my unsafe code to run my pacemaker"": An Interview Study on the Use, Comprehension, and Perceived Risks of Unsafe Rust. (2023)",2023,,,,,
Sanchuan Chen et al.: Controlled Data Races in Enclaves: Attacks and Detection. (2023),2023,,,,,
Scott Constable et al.: AEX-Notify: Thwarting Precise Single-Stepping Attacks through Interrupt Awareness for Intel SGX Enclaves. (2023),2023,,,,,
Salman Ahmed et al.: Not All Data are Created Equal: Data and Pointer Prioritization for Scalable Protection Against Data-Oriented Attacks. (2023),2023,,,,,
Salim Al Wahaibi et al.: SQIRL: Grey-Box Detection of SQL Injection Vulnerabilities Using Reinforcement Learning. (2023),2023,,,,,
Sahar Abdelnabi and Mario Fritz: Fact-Saboteurs: A Taxonomy of Evidence Manipulation Attacks against Fact-Verification Systems. (2023),2023,3,X,X,X,
Shixuan Zhao et al.: Reusable Enclaves for Confidential Serverless Computing. (2023),2023,,,,,
Ryan Sheatsley et al.: The Space of Adversarial Strategies. (2023),2023,,,,,
Seunghoon Woo et al.: V1SCAN: Discovering 1-day Vulnerabilities in Reused C/C++ Open-source Software Components Using Code Classification Techniques. (2023),2023,3,X,X,X,
Ruoyu Song et al.: Discovering Adversarial Driving Maneuvers against Autonomous Vehicles. (2023),2023,3,X,X,X,
Ruofan Liu et al.: Knowledge Expansion and Counterfactual Interaction for Reference-Based Phishing Detection. (2023),2023,,,,,
Run Guo et al.: Temporal CDN-Convex Lens: A CDN-Assisted Practical Pulsing DDoS Attack. (2023),2023,,,,,
Ruiyi Zhang et al.: (M)WAIT for It: Bridging the Gap between Microarchitectural and Architectural Side Channels. (2023),2023,,,,,
Ruipeng Wang et al.: AlphaEXP: An Expert System for Identifying Security-Sensitive Kernel Objects. (2023),2023,,,,,
Rui Li et al.: Lost in Conversion: Exploit Data Structure Conversion with Attribute Loss to Break Android Systems. (2023),2023,3,x,x,x,
Ruben Recabarren et al.: Strategies and Vulnerabilities of Participants in Venezuelan Influence Operations. (2023),2023,,,,,
Rose Ceccio et al.: Sneaky Spy Devices and Defective Detectors: The Ecosystem of Intimate Partner Surveillance with Covert Devices. (2023),2023,,,,,
Shawn Shan et al.: Glaze: Protecting Artists from Style Mimicry by Text-to-Image Models. (2023),2023,,,,,
Rosanna Bellini et al.: The Digital-Safety Risks of Financial Technologies for Survivors of Intimate Partner Violence. (2023),2023,,,,,
Shibo Zhang et al.: CAPatch: Physical Adversarial Patch against Image Captioning Systems. (2023),2023,,,,,
Shimaa Ahmed et al.: Tubes Among Us: Analog Attack on Automatic Speaker Identification. (2023),2023,,,,,
Milad Nasr et al.: Tight Auditing of Differentially Private Machine Learning. (2023),2023,2,showing tight relationship between provable privacy guarnatees and empirical privacy of deployed DP-SGD schemes for specific adversarial models,3,b,ML
Peter Snyder et al.: Pool-Party: Exploiting Browser Resource Pools for Web Tracking. (2023),2023,,,,,
Min Chen et al.: FACE-AUDITOR: Data Auditing in Facial Recognition Systems. (2023),2023,3,x,x,x,
Min Shi et al.: Formal Analysis and Patching of BLE-SC Pairing. (2023),2023,3,X,X,X,
Ming Xu et al.: Improving Real-world Password Guessing Attacks via Bi-directional Transformers. (2023),2023,,,,,
Ming Yuan et al.: DDRace: Finding Concurrency UAF Vulnerabilities in Linux Drivers with Directed Fuzzing. (2023),2023,3,X,X,X,
Peng Jiang et al.: Auditing Frameworks Need Resource Isolation: A Systematic Study on the Super Producer Threat to System Auditing and Its Mitigation. (2023),2023,,,,,
Peizhuo Lv et al.: A Data-free Backdoor Injection Approach in Neural Networks. (2023),2023,,,,,
Peiwei Hu et al.: AURC: Detecting Errors in Program Code and Documentation. (2023),2023,3,X,X,X,
Nils Bars et al.: Fuzztruction: Using Fault Injection-based Fuzzing to Leverage Implicit Domain Knowledge. (2023),2023,,,,,
Mingi Cho et al.: BoKASAN: Binary-only Kernel Address Sanitizer for Effective Kernel Fuzzing. (2023),2023,,,,,
Mingli Wu and Tsz Hon Yuen: Efficient Unbalanced Private Set Intersection Cardinality and User-friendly Privacy-preserving Contact Tracing. (2023),2023,,,,,
Nils Lukas and Florian Kerschbaum: PTW: Pivotal Tuning Watermarking for Pre-Trained Image Generators. (2023),2023,3,x,x,x,
Mingshi Wu et al.: How the Great Firewall of China Detects and Blocks Fully Encrypted Traffic. (2023),2023,3,X,X,X,
Muhammad Ali et al.: Problematic Advertising and its Disparate Exposure on Facebook. (2023),2023,,,,,
"Patrawat Samermit et al.: ""Millions of people are watching you"": Understanding the Digital-Safety Needs and Practices of Creators. (2023)",2023,,,,,
Parjanya Vyas et al.: Auditing Framework APIs via Inferred App-side Security Specifications. (2023),2023,,,,,
Pardis Emami Naeini et al.: Are Consumers Willing to Pay for Security and Privacy of IoT Devices? (2023),2023,3,X,X,X,
Oshrat Ayalon et al.: Exploring Privacy and Incentives Considerations in Adoption of COVID-19 Contact Tracing Apps. (2023),2023,,,,,
Mingxuan Yao et al.: Hiding in Plain Sight: An Empirical Study of Web Application Abuse in Malware. (2023),2023,3,X,X,X,
Omer Akgul et al.: Bug Hunters' Perspectives on the Challenges and Benefits of the Bug Bounty Ecosystem. (2023),2023,,,,,
Olivier Blazy et al.: How fast do you heal? A taxonomy for post-compromise security in secure-channel establishment. (2023),2023,,,,,
Oliver Broadrick et al.: PROVIDENCE: a Flexible Round-by-Round Risk-Limiting Audit. (2023),2023,3,X,X,X,
"Minyeop Choi et al.: BotScreen: Trust Everybody, but Cut the Aimbots Yourself. (2023)",2023,3,X,X,X,
Minzhou Pan et al.: ASSET: Robust Backdoor Data Detection Across a Multiplicity of Deep Learning Paradigms. (2023),2023,,,,,
Nurullah Erinola et al.: Exploring the Unknown DTLS Universe: Analysis of the DTLS Server Ecosystem on the Internet. (2023),2023,,,,,
Noé Zufferey et al.: Watch your Watch: Inferring Personality Traits from Wearable Activity Trackers. (2023),2023,,,,,
"Nissy Sombatruang et al.: Internet Service Providers' and Individuals' Attitudes, Barriers, and Incentives to Secure IoT. (2023)",2023,,,,,
Meng Shen et al.: Subverting Website Fingerprinting Defenses with Robust Traffic Representation. (2023),2023,3,x,x,x,
Muhammad Faisal et al.: TVA: A multi-party computation system for secure and expressive time series analytics. (2023),2023,1,"TVA, a multi-party computation (MPC) system for secure analytics on secret-shared time series data",4,c,"DPI,BMD,DAD,BNK,CC"
Moshe Kol et al.: Device Tracking via Linux's New TCP Source Port Selection Algorithm. (2023),2023,3,X,X,X,
Rachel McAmis and Tadayoshi Kohno: The Writing on the Wall and 3D Digital Twins: Personal Information in (not so) Private Real Estate. (2023),2023,3,,,,
Md. Ishtiaq Ashiq et al.: You've Got Report: Measurement and Security Implications of DMARC Reporting. (2023),2023,,,,,
Quan Yuan et al.: PrivGraph: Differentially Private Graph Data Publication by Exploiting Community Information. (2023),2023,,,,,
Neophytos Christou et al.: IvySyn: Automated Vulnerability Discovery in Deep Learning Frameworks. (2023),2023,,,,,
Qinhong Jiang et al.: GlitchHiker: Uncovering Vulnerabilities of Image Signal Transmission with IEMI. (2023),2023,3,X,X,X,
Mazharul Islam et al.: Araña: Discovering and Characterizing Password Guessing Attacks in Practice. (2023),2023,3,X,X,X,
Qingkai Shi et al.: Extracting Protocol Format as State Machine via Controlled Static Loop Analysis. (2023),2023,,,,,
Nian Xue et al.: Bypassing Tunnels: Leaking VPN Client Traffic by Abusing Routing Tables. (2023),2023,3,X,X,X,
Nicholas Boucher and Ross Anderson: Trojan Source: Invisible Vulnerabilities. (2023),2023,,,,,
"Qifan Xiao et al.: Exorcising ""Wraith"": Protecting LiDAR-based Object Detector in Automated Driving System from Appearing Attacks. (2023)",2023,,,,,
Miaoqian Lin et al.: Detecting API Post-Handling Bugs Using Code and Description in Patches. (2023),2023,,,,,
Nicholas Carlini et al.: Extracting Training Data from Diffusion Models. (2023),2023,,,,,
Qi Xia et al.: Near-Ultrasound Inaudible Trojan (Nuit): Exploiting Your Speaker to Attack Your Microphone. (2023),2023,3,X,X,X,
Qi Liu et al.: NeuroPots: Realtime Proactive Defense against Bit-Flip Attacks in Neural Networks. (2023),2023,3,x,x,x,
Mazal Bethany et al.: Towards Targeted Obfuscation of Adversarial Unsafe Images using Reconstruction and Counterfactual Super Region Attribution Explainability. (2023),2023,3,x,x,x,
Priyanka Nanayakkara et al.: What Are the Chances? Explaining the Epsilon Parameter in Differential Privacy. (2023),2023,,,,,
"Michele Campobasso and Luca Allodi: Know Your Cybercriminal: Evaluating Attacker Preferences by Measuring Profile Sales on an Active, Leading Criminal Market for User Impersonation at Scale. (2023)",2023,,,,,
Prashant Hari Narayan Rajput et al.: ICSPatch: Automated Vulnerability Localization and Non-Intrusive Hotpatching in Industrial Control Systems using Data Dependence Graphs. (2023),2023,,,,,
"Piet De Vaere and Adrian Perrig: Hey Kimya, Is My Smart Speaker Spying on Me? Taking Control of Sensor Privacy Through Isolation and Amnesia. (2023)",2023,,,,,
Phillip Rieger et al.: ARGUS: Context-Based Detection of Stealthy IoT Infiltration Attacks. (2023),2023,3,X,X,X,
Mikhail Shcherbakov et al.: Silent Spring: Prototype Pollution Leads to Remote Code Execution in Node.js. (2023),2023,3,X,X,X,
Philipp Görz et al.: Systematic Assessment of Fuzzers using Mutation Analysis. (2023),2023,3,X,X,X,
Yoochan Lee et al.: Pspray: Timing Side-Channel based Linux Kernel Heap Exploitation Technique. (2023),2023,,,,,
Yongwoo Lee et al.: ELASM: Error-Latency-Aware Scale Management for Fully Homomorphic Encryption. (2023),2023,3,X,X,X,
Yoonsang Kim et al.: Erebus: Access Control for Augmented Reality Systems. (2023),2023,,,,,
Yi He et al.: Cross Container Attacks: The Bewildered eBPF on Clouds. (2023),2023,,,,,
Yongheng Chen et al.: µFUZZ: Redesign of Parallel Fuzzing using Microservice Architecture. (2023),2023,,,,,
Yizheng Chen et al.: Continuous Learning for Android Malware Detection. (2023),2023,,,,,
Yisroel Mirsky et al.: VulChecker: Graph-based Vulnerability Localization in Source Code. (2023),2023,,,,,
Yiming Zhang et al.: SHELTER: Extending Arm CCA with Isolation in User Space. (2023),2023,3,X,X,X,
Yili Ren et al.: Person Re-identification in 3D Space: A WiFi Vision-based Approach. (2023),2023,3,X,X,X,
Yijie Bai et al.: VILLAIN: Backdoor Attacks Against Vertical Split Learning. (2023),2023,,,,,
Yifan Yan et al.: Rethinking White-Box Watermarks on Deep Learning Models under Neural Structural Obfuscation. (2023),2023,3,X,X,X,
Yicheng Zhang et al.: It's all in your head(set): Side-channel attacks on AR/VR systems. (2023),2023,3,X,X,X,
Yi Zeng et al.: Meta-Sift: How to Sift Out a Clean Subset in the Presence of Data Poisoning? (2023),2023,,,,,
Simone Aonzo et al.: Humans vs. Machines in Malware Classification. (2023),2023,3,X,X,X,
Zhuo Zhang et al.: PELICAN: Exploiting Backdoors of Naturally Trained Deep Learning Models In Binary Code Analysis. (2023),2023,3,X,X,X,
Zhaokun Han et al.: FuncTeller: How Well Does eFPGA Hide Functionality? (2023),2023,3,X,X,X,
Zheng Li et al.: UnGANable: Defending Against GAN-based Face Manipulation. (2023),2023,,,,,
Zheng Yang et al.: TRIDENT: Towards Detecting and Mitigating Web-based Social Engineering Attacks. (2023),2023,,,,,
Zhengxiong Luo et al.: Bleem: Packet Sequence Oriented Fuzzing for Protocol Implementations. (2023),2023,3,x,x,x,
Zhibo Liu et al.: Decompiling x86 Deep Neural Network Executables. (2023),2023,3,X,X,X,
Zhiyuan Sun et al.: Panda: Security Analysis of Algorand Smart Contracts. (2023),2023,3,x,x,x,
Zhiyuan Yu et al.: SMACK: Semantically Meaningful Adversarial Audio Attack. (2023),2023,,,,,
Zhiyuan Yu et al.: XCheck: Verifying Integrity of 3D Printed Patient-Specific Devices via Computing Tomography. (2023),2023,,,,,
Zhiyuan Zhang et al.: BunnyHop: Exploiting the Instruction Prefetcher. (2023),2023,,,,,
Zhiyuan Zhang et al.: Ultimate SLH: Taking Speculative Load Hardening to the Next Level. (2023),2023,,,,,
Zhaohan Xi et al.: On the Security Risks of Knowledge Graph Reasoning. (2023),2023,,,,,
Zhuo Zhang et al.: Your Exploit is Mine: Instantly Synthesizing Counterattack Smart Contract. (2023),2023,3,X,X,X,
Zhuolin Yang et al.: Towards a General Video-based Keystroke Inference Attack. (2023),2023,3,x,x,x,
Zichen Gui et al.: Security Analysis of MongoDB Queryable Encryption. (2023),2023,,,,,
Zicheng Wang et al.: PET: Prevent Discovered Errors from Being Triggered in the Linux Kernel. (2023),2023,,,,,
Zixin Wang et al.: Exploring Tenants' Preferences of Privacy Negotiation in Airbnb. (2023),2023,3,X,X,X,
Zixuan Wang et al.: NVLeak: Off-Chip Side-Channel Attacks via Non-Volatile Memory Systems. (2023),2023,,,,,
Zizhuang Deng et al.: Differential Testing of Cross Deep Learning Framework APIs: Revealing Inconsistencies and Vulnerabilities. (2023),2023,,,,,
Zu-Ming Jiang et al.: DynSQL: Stateful Fuzzing for Database Management Systems with Complex and Valid SQL Query Generation. (2023),2023,,,,,
Yuhang Wu et al.: Mitigating Security Risks in Linux with KLAUS: A Method for Evaluating Patch Correctness. (2023),2023,3,X,X,X,
Youngwook Do et al.: Powering for Privacy: Improving User Trust in Smart Speaker Microphones with Intentional Powering and Perceptible Assurance. (2023),2023,,,,,
Yu Chen et al.: InfinityGauntlet: Expose Smartphone Fingerprint Authentication to Brute-force Attack. (2023),2023,3,X,X,X,
Yu-Fu Fu et al.: autofz: Automated Fuzzer Composition at Runtime. (2023),2023,,,,,
Yuandao Cai et al.: Place Your Locks Well: Understanding and Detecting Lock Misuse Bugs. (2023),2023,,,,,
Yuanyuan Yuan et al.: CacheQL: Quantifying and Localizing Cache Side-Channel Vulnerabilities in Production Software. (2023),2023,,,,,
Yuanyuan Yuan et al.: Precise and Generalized Robustness Certification for Neural Networks. (2023),2023,,,,,
"Yuchen Yang et al.: PrivateFL: Accurate, Differentially Private Federated Learning via Personalized Data Transformation. (2023)",2023,,,,,
Yudi Zhao et al.: Remote Code Execution from SSTI in the Sandbox: Automatically Detecting and Exploiting Template Escape Bugs. (2023),2023,,,,,
Yue Xiao et al.: Lalaine: Measuring and Characterizing Non-Compliance of Apple Privacy Labels. (2023),2023,,,,,
Young Min Kim and Byoungyoung Lee: Extending a Hand to Attackers: Browser Privilege Escalation Attacks via Extensions. (2023),2023,,,,,
"Yuhang Zhao et al.: ""If sighted people know, I should be able to know: "" Privacy Perceptions of Bystanders with Visual Impairments around Camera-based Technology. (2023)",2023,3,x,x,x,
Yuhong Nan et al.: Are You Spying on Me? Large-Scale Analysis on IoT Data Exposure through Companion Apps. (2023),2023,,,,,
Yulong Cao et al.: You Can't See Me: Physical Removal Attacks on LiDAR-based Autonomous Vehicles Driving Frameworks. (2023),2023,3,X,X,X,
Yun Li et al.: Efficient 3PC for Binary Circuits with Application to Maliciously-Secure DNN Inference. (2023),2023,,,,,
Yutao Dong et al.: HorusEye: A Realtime IoT Malicious Traffic Detection Framework using Programmable Switches. (2023),2023,,,,,
Yuxing Zhang et al.: Detecting Union Type Confusion in Component Object Model. (2023),2023,,,,,
Yuzhou Feng et al.: A Study of China's Censorship and Its Evasion Through the Lens of Online Gaming. (2023),2023,,,,,
Zechao Cai et al.: Demystifying Pointer Authentication on Apple M1. (2023),2023,,,,,
Zekun Cai and Aiping Xiong: Understand Users' Privacy Perception and Decision of V2X Communication in Connected Autonomous Vehicles. (2023),2023,,,,,
"Vivek Nair et al.: Unique Identification of 50, 000+ Virtual Reality Users from Head & Hand Motion Data. (2023)",2023,,,,,
Thomas Yurek et al.: Long Live The Honey Badger: Robust Asynchronous DPSS and its Applications. (2023),2023,1,"""In this work, we explore optimally fault-tolerant asynchronous DPSS that is not slowed down by crash faults and even handles byzantine faults while maintaining the same performance.""",1,b,CRY
Thorsten Eisenhofer et al.: No more Reviewer #2: Subverting Automatic Paper-Reviewer Assignment using Adversarial Learning. (2023),2023,,,,,
Tingting Yin et al.: KextFuzz: Fuzzing macOS Kernel EXTensions on Apple Silicon via Exploiting Mitigations. (2023),2023,,,,,
Tobias Scharnowski et al.: Hoedur: Embedded Firmware Fuzzing using Multi-Stream Inputs. (2023),2023,3,x,x,x,
"Tomas Hlavacek et al.: Keep Your Friends Close, but Your Routeservers Closer: Insights into RPKI Validation in the Internet. (2023)",2023,,,,,
Varun Gandhi et al.: Rethinking System Audit Architectures for High Event Coverage and Synchronous Log Availability. (2023),2023,,,,,
"Victoria Zhong et al.: ""I'm going to trust this until it burns me"" Parents' Privacy Concerns and Delegation of Trust in K-8 Educational Technology. (2023)",2023,,,,,
Viktor Valadi et al.: FedVal: Different good or different bad in federated learning. (2023),2023,,,,,
Vincent Cheval et al.: Hash Gone Bad: Automated discovery of protocol attacks that exploit hash function weaknesses. (2023),2023,,,,,
"Vivek Nair and Dawn Song: Multi-Factor Key Derivation Function (MFKDF) for Fast, Flexible, Secure, & Practical Key Management. (2023)",2023,,,,,
Thomas Haines et al.: Machine-checking Multi-Round Proofs of Shuffle: Terelius-Wikstrom and Bayer-Groth. (2023),2023,,,,,
Wael S. Albayaydh and Ivan Flechais: Examining Power Dynamics and User Privacy in Smart Technology Use Among Jordanian Households. (2023),2023,,,,,
Wai Man Si et al.: Two-in-One: A Model Hijacking Attack Against Text Generation Models. (2023),2023,3,X,X,X,
Wansen Wang et al.: Automated Inference on Financial Security of Ethereum Smart Contracts. (2023),2023,,,,,
Wei-Zhu Yeoh et al.: Fast IDentity Online with Anonymous Credentials (FIDO-AC). (2023),2023,,,,,
Weijie Wang et al.: BalanceProofs: Maintainable Vector Commitments with Fast Aggregation. (2023),2023,,,,,
Wen Li et al.: PolyFuzz: Holistic Greybox Fuzzing of Multi-Language Systems. (2023),2023,3,X,X,X,
Wen-jie Lu et al.: Squirrel: A Scalable Secure Two-Party Computation Framework for Training Gradient Boosting Decision Tree. (2023),2023,,,,,
Wenbo Guo et al.: PATROL: Provable Defense against Adversarial Policy in Two-player Games. (2023),2023,,,,,
Wenjun Qiu et al.: Calpric: Inclusive and Fine-grain Labeling of Privacy Policies with Crowdsourcing and Active Learning. (2023),2023,,,,,
Sven Hebrok et al.: We Really Need to Talk About Session Tickets: A Large-Scale Analysis of Cryptographic Dangers with TLS Session Tickets. (2023),2023,,,,,
Simone Colombo et al.: Authenticated private information retrieval. (2023),2023,,,,,
Sina Sajadmanesh et al.: GAP: Differentially Private Graph Neural Networks with Aggregation Perturbation. (2023),2023,,,,,
"Sindhu Reddy Kalathur Gopal et al.: Hidden Reality: Caution, Your Hand Gesture Inputs in the Immersive Virtual World are Visible to All! (2023)",2023,3,X,X,X,
"Sophie Stephenson et al.: ""It's the Equivalent of Feeling Like You're in Jail"": Lessons from Firsthand and Secondhand Accounts of IoT-Enabled Intimate Partner Abuse. (2023)",2023,,,,,
Sophie Stephenson et al.: Abuse Vectors: A Framework for Conceptualizing IoT-Enabled Interpersonal Abuse. (2023),2023,,,,,
Soumyakant Priyadarshan et al.: SAFER: Efficient and Error-Tolerant Binary Instrumentation. (2023),2023,3,X,X,X,
Sourav Das et al.: Practical Asynchronous High-threshold Distributed Key Generation and Distributed Polynomial Sampling. (2023),2023,1,"In this work, we formalize PfB and design Verified Remote Sensing Authorization (VERSA) – a provably secure and formally verified architecture guaranteeing that only correct execution of expected and explicitly authorized software can access and manipulate sensing interfaces, specifically, General Purpose Input/Output (GPIO), which is the usual boundary between analog and digital worlds on IoT devices",2,a,CRY
Suood Abdulaziz Al-Roomi and Frank Li: A Large-Scale Measurement of Website Login Policies. (2023),2023,,,,,
Yi Chen et al.: Sherlock on Specs: Building LTE Conformance Tests through Automated Reasoning. (2023),2023,3,x,x,x,
Svetlana Abramova and Rainer Böhme: Anatomy of a High-Profile Data Breach: Dissecting the Aftermath of a Crypto-Wallet Case. (2023),2023,,,,,
Swaathi Vetrivel et al.: Examining Consumer Reviews to Understand Security and Privacy Issues in the Market of Smart Home Devices. (2023),2023,,,,,
Tadayoshi Kohno et al.: Ethical Frameworks and Computer Security Trolley Problems: Foundations for Conversations. (2023),2023,3,X,X,X,
Tae Eun Kim et al.: DAFL: Directed Grey-box Fuzzing guided by Data Dependency. (2023),2023,,,,,
Tamer Abdelaziz and Aquinas Hobor: Smart Learning to Find Dumb Contracts. (2023),2023,,,,,
Tanusree Sharma et al.: A Mixed-Methods Study of Security Practices of Smart Contract Developers. (2023),2023,,,,,
Tao Ni et al.: Eavesdropping Mobile App Activity via Radio-Frequency Energy Harvesting. (2023),2023,,,,,
Tarun Kumar Yadav et al.: Cryptographic Deniability: A Multi-perspective Study of User Perceptions and Expectations. (2023),2023,,,,,
Théophile Wallez et al.: TreeSync: Authenticated Group Management for Messaging Layer Security. (2023),2023,,,,,
Xinben Gao and Lan Zhang: PCAT: Functionality and Data Stealing from Split Learning by Pseudo-Client Attack. (2023),2023,3,x,x,x,
Xueqiang Wang et al.: Credit Karma: Understanding Security Implications of Exposed Cloud Services through Automated Capability Inference. (2023),2023,,,,,
Xueqiang Wang et al.: Union under Duress: Understanding Hazards of Duplicate Resource Mismediation in Android Software Supply Chain. (2023),2023,,,,,
Xiaojun Xu et al.: How to Cover up Anomalous Accesses to Electronic Health Records. (2023),2023,,,,,
Yafei Wu et al.: LibScan: Towards More Precise Third-Party Library Identification for Android Applications. (2023),2023,3,x,x,x,
Xiaoguang Li et al.: Fine-grained Poisoning Attack to Local Differential Privacy Protocols for Mean and Variance Estimation. (2023),2023,3,X,X,X,
Xingman Chen et al.: MTSan: A Feasible and Practical Memory Sanitizer for Fuzzing COTS Binaries. (2023),2023,,,,,
Xin Liu et al.: LightThief: Your Optical Communication Information is Stolen behind the Wall. (2023),2023,,,,,
Yanmao Man et al.: That Person Moves Like A Car: Misclassification Attack Detection for Autonomous Systems Using Spatiotemporal Consistency. (2023),2023,,,,,
"Xiangyu Qi et al.: Towards A Proactive ML Approach for Detecting Backdoor Poison Samples. (2023)
",2023,3,X,X,X,
Xianglong Zhang et al.: High Recovery with Fewer Injections: Practical Binary Volumetric Injection Attacks against Dynamic Searchable Encryption. (2023),2023,,,,,
Yazhou Tu et al.: Auditory Eyesight: Demystifying μs-Precision Keystroke Tracking Attacks on Unconstrained Keyboard Inputs. (2023),2023,3,X,X,X,
Xiang Li et al.: The Maginot Line: Attacking the Boundary of DNS Caching Protection. (2023),2023,,,,,
Xhani Marvin Saß et al.: Oops..! I Glitched It Again! How to Multi-Glitch the Glitching-Protections on ARM TrustZone-M. (2023),2023,,,,,
Wentao Guo et al.: The Role of Professional Product Reviewers in Evaluating Security and Privacy. (2023),2023,,,,,
William Edward Bodell III et al.: Proxy Hunting: Understanding and Characterizing Proxy-based Upgradeable Smart Contracts in Blockchains. (2023),2023,,,,,
Willy R. Vasquez et al.: The Most Dangerous Codec in the World: Finding and Exploiting Vulnerabilities in H.264 Decoders. (2023),2023,3,X,X,X,
Xinghui Wu et al.: KENKU: Towards Efficient and Stealthy Black-box Adversarial Attacks against ASR Systems. (2023),2023,,,,,
Xing Han et al.: Medusa Attack: Exploring Security Hazards of In-App QR Code Scanning. (2023),2023,,,,,
Xinfeng Li et al.: Learning Normality is Enough: A Software-based Mitigation against Inaudible Voice Attacks. (2023),2023,,,,,
Yehuda Afek et al.: NRDelegationAttack: Complexity DDoS attack on DNS Recursive Resolvers. (2023),2023,3,X,X,X,
Wenjun Zhu et al.: TPatch: A Triggered Physical Adversarial Patch. (2023),2023,,,,,
Anvith Thudi et al.: On the Necessity of Auditable Algorithmic Definitions for Machine Unlearning. (2022),2022,,,,,
Esmerald Aliaj et al.: GAROTA: Generalized Active Root-Of-Trust Architecture (for Tiny Embedded Devices). (2022),2022,,,,,
Andrea Marcelli et al.: How Machine Learning Is Solving the Binary Function Similarity Problem. (2022),2022,3,X,X,X,
Alon Shakevsky et al.: Trust Dies in Darkness: Shedding Light on Samsung's TrustZone Keymaster Design. (2022),2022,,,,,
Aloni Cohen: Attacks on Deidentification's Defenses. (2022),2022,,,,,
"Eyitemi Moju-Igbene et al.: ""How Do You Not Lose Friends?"": Synthesizing a Design Space of Social Controls for Securing Shared Digital Resources Via Participatory Design Jams. (2022)",2022,,,,,
Andrea Gadotti et al.: Pool Inference Attacks on Local Differential Privacy: Quantifying the Privacy Guarantees of Apple's Count Mean Sketch in Practice. (2022),2022,,,,,
Andreas Kogler et al.: Half-Double: Hammering From the Next Row Over. (2022),2022,3,X,X,X,
A. S. M. Rizvi et al.: Anycast Agility: Network Playbooks to Fight DDoS. (2022),2022,,,,,
Aastha Mehta et al.: Pacer: Comprehensive Network Side-Channel Mitigation in the Cloud. (2022),2022,,,,,
Gökçen Yilmaz Dayanikli et al.: Physical-Layer Attacks Against Pulse Width Modulation-Controlled Actuators. (2022),2022,3,X,X,X,
Abdullah Imran et al.: SARA: Secure Android Remote Authorization. (2022),2022,,,,,
Abhishek Bhaskar and Paul Pearce: Many Roads Lead To Rome: How Packet Headers Influence DNS Censorship Measurement. (2022),2022,,,,,
Giovanni Cherubin et al.: Online Website Fingerprinting: Evaluating Website Fingerprinting Attacks on Tor in the Real World. (2022),2022,3,X,X,X,
George Kappos et al.: How to Peel a Million: Validating and Expanding Bitcoin Clusters. (2022),2022,3,X,X,X,
George Arnold Sullivan et al.: Open to a fault: On the passive compromise of TLS keys via transient errors. (2022),2022,,,,,
Agnieszka Dutkowska-Zuk et al.: How and Why People Use Virtual Private Networks. (2022),2022,3,X,X,X,
Fangming Gu et al.: COMRace: Detecting Data Race Vulnerabilities in COM Objects. (2022),2022,3,X,X,X,
Flavien Solt et al.: CellIFT: Leveraging Cells for Scalable and Precise Dynamic Information Flow Tracking in RTL. (2022),2022,,,,,
Alejandro Cabrera Aldaya and Billy Bob Brumley: HyperDegrade: From GHz to MHz Effective CPU Frequencies. (2022),2022,,,,,
Alejandro Cuevas et al.: Measurement by Proxy: On the Accuracy of Online Marketplace Measurements. (2022),2022,,,,,
Alessandro Mantovani et al.: RE-Mind: a First Look Inside the Mind of a Reverse Engineer. (2022),2022,,,,,
Alex Ozdemir and Dan Boneh: Experimenting with Collaborative zk-SNARKs: Zero-Knowledge Proofs for Distributed Secrets. (2022),2022,2,"We implement and experiment with collaborative zkSNARKs: proofs over the secrets of multiple, mutually distrusting parties. We implement three collaborative proofs and evaluate the concrete cost of proof generation. We find that over a 3Gb/s link, security against a malicious minority of provers can be achieved with approximately the same runtime as a single prover.",4,c,"DAD,PH,BNK"
Alexander Bulekov et al.: Morphuzz: Bending (Input) Space to Fuzz Virtual Devices. (2022),2022,,,,,
Fei Wang et al.: ProFactory: Improving IoT Security via Formalized Protocol Customization. (2022),2022,,,,,
David G. Balash et al.: Security and Privacy Perceptions of Third-Party Application Access for Google Accounts. (2022),2022,,,,,
David Cerdeira et al.: ReZone: Disarming TrustZone with TEE Privilege Reduction. (2022),2022,,,,,
Bodong Zhao et al.: StateFuzz: System Call-Based State-Aware Linux Driver Fuzzing. (2022),2022,,,,,
Brian Kondracki et al.: Uninvited Guests: Analyzing the Identity and Behavior of Certificate Transparency Bots. (2022),2022,3,x,x,x,
Daniel Townley et al.: Composable Cachelets: Protecting Enclaves from Cache Side-Channel Attacks. (2022),2022,3,X,X,X,
Bushra A. AlAhmadi et al.: 99% False Positives: A Qualitative Study of SOC Analysts' Perspectives on Security Alarms. (2022),2022,3,X,X,X,
Daniel J. Bernstein et al.: OpenSSLNTRU: Faster post-quantum TLS key exchange. (2022),2022,,,,,
Daniel Günther et al.: GPU-accelerated PIR with Client-Independent Preprocessing for Large-Scale Applications. (2022),2022,1,"we introduce Client-Independent Preprocessing (CIP) PIR that moves (t − 1)/n of the online computation to a local, client independent, preprocessing phase suitable for efficient batch precomputations.",4,"a,c","DLD,BMD,ADD,WEB,DAD,PH,MSG"
Daniel Genkin et al.: Lend Me Your Ear: Passive Remote Physical Side Channels on PCs. (2022),2022,3,x,x,x,
Daniel Arp et al.: Dos and Don'ts of Machine Learning in Computer Security. (2022),2022,3,X,X,X,
Catherine Easdon et al.: Rapid Prototyping for Microarchitectural Attacks. (2022),2022,,,,,
David Koisser et al.: V'CER: Efficient Certificate Validation in Constrained Networks. (2022),2022,,,,,
Ce Zhou et al.: DoubleStar: Long-Range Attack Towards Depth Estimation based Obstacle Avoidance in Autonomous Systems. (2022),2022,,,,,
Cormac Herley: Automated Detection of Automated Traffic. (2022),2022,3,X,X,X,
"Collins W. Munyendo et al.: ""The Same PIN, Just Longer"": On the (In)Security of Upgrading PINs from 4 to 6 Digits. (2022)",2022,,,,,
Changjiang Li et al.: Seeing is Living? Rethinking the Security of Facial Liveness Verification in the Deepfake Era. (2022),2022,,,,,
Chuhan Wang et al.: A Large-scale and Longitudinal Measurement Study of DKIM Deployment. (2022),2022,,,,,
"Christine Geeng et al.: ""Like Lesbians Walking the Perimeter"": Experiences of U.S. LGBTQ+ Folks With Online Security, Safety, and Privacy Advice. (2022)",2022,,,,,
Chaoshun Zuo and Zhiqiang Lin: Playing Without Paying: Detecting Vulnerable Payment Verification in Native Binaries of Unity Mobile Games. (2022),2022,3,X,X,X,
Chen Yan et al.: Rolling Colors: Adversarial Laser Exploits against Traffic Light Recognition. (2022),2022,3,X,X,X,
Chong Xiang et al.: PatchCleanser: Certifiably Robust Defense against Adversarial Patches for Any Image Classifier. (2022),2022,,,,,
Chong Fu et al.: Label Inference Attacks Against Vertical Federated Learning. (2022),2022,3,X,X,X,
Cheolwoo Myung et al.: MundoFuzz: Hypervisor Fuzzing with Statistical Coverage Testing and Grammar Inference. (2022),2022,,,,,
CheolJun Park et al.: DoLTEst: In-depth Downlink Negative Testing Framework for LTE Devices. (2022),2022,,,,,
Chengbin Pang et al.: Ground Truth for Binary Disassembly is Not Easy. (2022),2022,,,,,
Atri Bhattacharyya et al.: Midas: Systematic Kernel TOCTTOU Protection. (2022),2022,,,,,
Andreas Kogler et al.: Minefield: A Software-only Protection for SGX Enclaves against DVFS Attacks. (2022),2022,3,X,X,X,
Andrei Tatar et al.: TLB;DR: Enhancing TLB-based Attacks with TLB Desynchronized Reverse Engineering. (2022),2022,3,X,X,X,
Andrew Chu et al.: Behind the Tube: Exploitative Monetization of Content on YouTube. (2022),2022,,,,,
Enrico Barberis et al.: Branch History Injection: On the Effectiveness of Hardware Mitigations Against Cross-Privilege Spectre-v2 Attacks. (2022),2022,,,,,
Ange Albertini et al.: How to Abuse and Fix Authenticated Encryption Without Key Commitment. (2022),2022,2,We discuss three recent applications where missing key commitment is exploitable in practice.,4,c,"MSG,NST,CNP,SE,WEB"
Antoon Purnal et al.: Double Trouble: Combined Heterogeneous Attacks on Non-Inclusive Cache Hierarchies. (2022),2022,,,,,
Anunay Kulshrestha and Jonathan R. Mayer: Estimating Incidental Collection in Foreign Intelligence Surveillance: Large-Scale Multiparty Private Set Intersection with Union and Sum. (2022),2022,1,"We design and evaluate a novel MPSIU-Sum protocol, which is practical at the large scale necessary for estimating incidental collection.",4,a,"PGTS,GVE,NGO,LE"
Diwen Xue et al.: OpenVPN is Open to VPN Fingerprinting. (2022),2022,,,,,
Asuman Senol et al.: Leaky Forms: A Study of Email and Password Exfiltration Before Form Submission. (2022),2022,3,X,X,X,
Dino Bollinger et al.: Automating Cookie Consent and GDPR Violation Detection. (2022),2022,,,,,
Avinash Sudhodanan and Andrew Paverd: Pre-hijacked accounts: An Empirical Study of Security Failures in User Account Creation on the Web. (2022),2022,,,,,
Bahruz Jabiyev et al.: FRAMESHIFTER: Security Implications of HTTP/2-to-HTTP/1 Conversion Anomalies. (2022),2022,,,,,
Bailey Kacsmar et al.: Caring about Sharing: User Perceptions of Multiparty Data Sharing. (2022),2022,3,X,X,X,
Ben Burgess et al.: Watching the watchers: bias and vulnerability in remote proctoring software. (2022),2022,,,,,
Derek Leung et al.: Aardvark: An Asynchronous Authenticated Dictionary with Applications to Account-based Cryptocurrencies. (2022),2022,1,"We design Aardvark, a novel authenticated dictionary with short proofs of correctness for lookups and modifications.",4,c,"1-BLK,6-BLK"
Ben Nassi et al.: Lamphone: Passive Sound Recovery from a Desk Lamp's Light Bulb Vibrations. (2022),2022,3,X,X,X,
Bernd Prünster et al.: Total Eclipse of the Heart - Disrupting the InterPlanetary File System. (2022),2022,,,,,
Bijeeta Pal et al.: Might I Get Pwned: A Second Generation Compromised Credential Checking Service. (2022),2022,,,,,
David Schrammel et al.: Jenny: Securing Syscalls for PKU-based Memory Isolation Systems. (2022),2022,,,,,
Javad Ghareh Chamani et al.: Dynamic Searchable Encryption with Optimal Search in the Presence of Deletions. (2022),2022,,,,,
Jeffrey Young et al.: SkillDetective: Automated Policy-Violation Detection of Voice Assistant Applications in the Wild. (2022),2022,,,,,
Kaleigh Clary et al.: Stick It to The Man: Correcting for Non-Cooperative Behavior of Subjects in Experiments on Social Networks. (2022),2022,,,,,
Jean-Luc Watson et al.: Piranha: A GPU Platform for Secure Computation. (2022),2022,3,X,X,X,
Mahimna Kelkar et al.: Secure Poisson Regression. (2022),2022,,,,,
Jean-Pierre Smith et al.: QCSD: A QUIC Client-Side Website-Fingerprinting Defence Framework. (2022),2022,,,,,
Jiarong Xing et al.: Bedrock: Programmable Network Support for Secure RDMA Systems. (2022),2022,,,,,
Guannan Liu et al.: Exploring the Unchartered Space of Container Registry Typosquatting. (2022),2022,,,,,
Jiafan Wang and Sherman S. M. Chow: Omnes pro uno: Practical Multi-Writer Encrypted Database. (2022),2022,,,,,
Masoud Mehrabi Koushki et al.: Neither Access nor Control: A Longitudinal Investigation of the Efficacy of User Access-Control Solutions on Smartphones. (2022),2022,3,X,X,X,
"Martin R. Albrecht et al.: Breaking Bridgefy, again: Adopting libsignal is not enough. (2022)",2022,2,"In this work, we analyse the security of the revised Bridgefy messenger and SDK and invalidate its security claims.",4,a,"MSG,PGTS,ACT"
Martin Kotuliak et al.: LTrack: Stealthy Tracking of Mobile Phones in LTE. (2022),2022,,,,,
Jaron Mink et al.: DeepPhish: Understanding User Trust Towards Artificially Generated Profiles in Online Social Networks. (2022),2022,,,,,
Jayakrishna Vadayath et al.: Arbiter: Bridging the Static and Dynamic Divide in Vulnerability Discovery on Binary Programs. (2022),2022,,,,,
Jiaheng Zhang et al.: Polynomial Commitment with a One-to-Many Prover and Applications. (2022),2022,,,,,
Matheus E. Garbelini et al.: BrakTooth: Causing Havoc on Bluetooth Link Manager via Directed Fuzzing. (2022),2022,3,X,X,X,
Marina Sanusi Bohuk et al.: Gossamer: Securely Measuring Password-based Logins. (2022),2022,,,,,
Jian Liu et al.: LinKRID: Vetting Imbalance Reference Counting in Linux kernel with Symbolic Execution. (2022),2022,,,,,
Matteo Cardaioli et al.: Hand Me Your PIN! Inferring ATM PINs of Users Typing with a Covered Hand. (2022),2022,,,,,
Guoxing Chen and Yinqian Zhang: MAGE: Mutual Attestation for a Group of Enclaves without Trusted Third Parties. (2022),2022,3,X,X,X,
Marcel Maehren et al.: TLS-Anvil: Adapting Combinatorial Testing for TLS Libraries. (2022),2022,,,,,
Jianfeng Li et al.: FOAP: Fine-Grained Open-World Android App Fingerprinting. (2022),2022,3,X,X,X,
Jason Zhijingcheng Yu et al.: Elasticlave: An Efficient Memory Model for Enclaves. (2022),2022,,,,,
Jay Bosamiya et al.: Provably-Safe Multilingual Software Sandboxing using WebAssembly. (2022),2022,3,x,x,x,
Lancheng Qin et al.: Themis: Accelerating the Detection of Route Origin Hijacking by Distinguishing Legitimate and Illegitimate MOAS. (2022),2022,3,X,X,X,
Hongbin Liu et al.: PoisonedEncoder: Poisoning the Unlabeled Pre-training Data in Contrastive Learning. (2022),2022,,,,,
Ju Chen et al.: SYMSAN: Time and Space Efficient Concolic Execution via Dynamic Data-flow Analysis. (2022),2022,,,,,
Julia Slupska and Angelika Strohmayer: Networks of Care: Tech Abuse Advocates' Digital Security Practices. (2022),2022,,,,,
Kyle Zeng et al.: Playing for K(H)eaps: Understanding and Improving Linux Kernel Exploit Reliability. (2022),2022,3,X,X,X,
"Julia Slupska et al.: ""They Look at Vulnerability and Use That to Abuse You"": Participatory Threat Modelling with Migrant Domestic Workers. (2022)",2022,,,,,
Igibek Koishybayev et al.: Characterizing the Security of Github CI Workflows. (2022),2022,,,,,
"Kovila P. L. Coopamootoo et al.: ""I feel invaded, annoyed, anxious and I may protect myself"": Individuals' Feelings about Online Tracking and their Protective Behaviour across Gender and Country. (2022)",2022,,,,,
Konstantinos Solomos et al.: The Dangers of Human Touch: Fingerprinting Browser Extensions through User Actions. (2022),2022,,,,,
Kinan Dak Albab et al.: Batched Differentially Private Information Retrieval. (2022),2022,,,,,
Lawrence Roy et al.: Practical Privacy-Preserving Authentication for SSH. (2022),2022,1,"a new public-key authentication method for SSH that reveals essentially the minimum possible amount of information. With our new method, the server learns only whether the client knows the private key for some authorized public key.",3,a,CNP
Kevin Burk et al.: Decomperson: How Humans Decompile and What We Can Learn From It. (2022),2022,3,X,X,X,
"Kentrell Owens et al.: Electronic Monitoring Smartphone Apps: An Analysis of Risks from Technical, Human-Centered, and Legal Perspectives. (2022)",2022,3,X,X,X,
Kai Wang et al.: GhostTouch: Targeted Attacks on Touchscreens without Physical Touch. (2022),2022,3,X,X,X,
Kaihang Ji et al.: FlowMatrix: GPU-Assisted Information-Flow Analysis through Matrix-Based Representation. (2022),2022,3,X,X,X,
Huiying Li et al.: Blacklight: Scalable Defense for Neural Networks against Query-Based Black-Box Attacks. (2022),2022,,,,,
Katharina Kohls and Claudia Díaz: VerLoc: Verifiable Localization in Decentralized Systems. (2022),2022,,,,,
Karola Marky et al.: Investigating State-of-the-Art Practices for Fostering Subjective Trust in Online Voting through Interviews. (2022),2022,,,,,
Hyeonmin Lee et al.: Under the Hood of DANE Mismanagement in SMTP. (2022),2022,,,,,
Jacob Imola et al.: Communication-Efficient Triangle Counting under Local Differential Privacy. (2022),2022,,,,,
Lukas Petzi et al.: SCRAPS: Scalable Collective Remote Attestation for Pub-Sub IoT Networks with Untrusted Proxy Verifier. (2022),2022,3,X,X,X,
Jinsheng Ba et al.: Stateful Greybox Fuzzing. (2022),2022,,,,,
Harjot Kaur et al.: Where to Recruit for Security Development Studies: Comparing Six Software Developer Samples. (2022),2022,,,,,
Lukas Giner et al.: Repurposing Segmentation as a Practical LVI-NULL Mitigation in SGX. (2022),2022,3,x,x,x,
Jinyu Gu et al.: A Hardware-Software Co-design for Efficient Intra-Enclave Isolation. (2022),2022,,,,,
Harshad Sathaye et al.: An Experimental Study of GPS Spoofing and Takeover Attacks on UAVs. (2022),2022,,,,,
"Long Chen et al.: End-to-Same-End Encryption: Modularly Augmenting an App with an Efficient, Portable, and Blind Cloud Storage. (2022)",2022,,,,,
Logan Blue et al.: Who Are You (I Really Wanna Know)? Detecting Audio DeepFakes Through Vocal Tract Reconstruction. (2022),2022,3,X,X,X,
Lun Wang et al.: PrivGuard: Privacy Regulation Compliance Made Easier. (2022),2022,3,X,X,X,
J. Alex Halderman: The Antrim County 2020 Election Incident: An Independent Forensic Investigation. (2022),2022,,,,,
Johannes Krupp et al.: AmpFuzz: Fuzzing for Amplification DDoS Vulnerabilities. (2022),2022,3,X,X,X,
Johannes Wikner and Kaveh Razavi: RETBLEED: Arbitrary Speculative Code Execution with Return Instructions. (2022),2022,3,X,X,X,
Liang He et al.: FreeWill: Automatically Diagnosing Use-after-free Bugs via Reference Miscounting Detection on Binaries. (2022),2022,3,x,x,x,
Henrique Teles Maia et al.: Can one hear the shape of a neural network?: Snooping the GPU via Magnetic Side Channel. (2022),2022,3,X,X,X,
Henry Birge-Lee et al.: Creating a Secure Underlay for the Internet. (2022),2022,,,,,
Lenka Turonová et al.: Counting in Regexes Considered Harmful: Exposing ReDoS Vulnerability of Nonbacktracking Matchers. (2022),2022,3,X,X,X,
"Joppe W. Bos et al.: Post-Quantum Cryptography with Contemporary Co-Processors: Beyond Kronecker, Schönhage-Strassen & Nussbaumer. (2022)",2022,,,,,
Lei Zhang et al.: Identity Confusion in WebView-based Mobile App-in-app Ecosystems. (2022),2022,,,,,
Lei Xue et al.: SAID: State-aware Defense Against Injection Attacks on In-vehicle Network. (2022),2022,3,x,x,x,
Le Yu et al.: Towards Automatically Reverse Engineering Vehicle Diagnostic Protocols. (2022),2022,,,,,
Sheng Yu et al.: DeepDi: Learning a Relational Graph Convolutional Network Model on Instructions for Fast and Accurate Disassembly. (2022),2022,3,X,X,X,
Sebastian Roth et al.: The Security Lottery: Measuring Client-Side Web Security Inconsistencies. (2022),2022,3,X,X,X,
Seyed Ali Mirheidari et al.: Web Cache Deception Escalates! (2022),2022,,,,,
Mohannad Ismail et al.: Tightly Seal Your Sensitive Pointers with PACTight. (2022),2022,,,,,
Moritz Schloegel et al.: Loki: Hardening Code Obfuscation Against Automated Attacks. (2022),2022,,,,,
Moritz Lipp et al.: AMD Prefetch Attacks through Power and Time. (2022),2022,3,X,X,X,
Mojtaba Zaheri et al.: Targeted Deanonymization via the Cache Side Channel: Attacks and Defenses. (2022),2022,,,,,
"Mohsen Minaei et al.: Empirical Understanding of Deletion Privacy: Experiences, Expectations, and Measures. (2022)",2022,,,,,
Seunghoon Woo et al.: MOVERY: A Precise Approach for Modified Vulnerable Code Clone Discovery from Modified Open-Source Software Components. (2022),2022,,,,,
Michael Harrity et al.: GET /out: Automated Discovery of Application-Layer Censorship Evasion Strategies. (2022),2022,,,,,
Maya Dotan et al.: Twilight: A Differentially Private Payment Channel Network. (2022),2022,,,,,
Simon Oya and Florian Kerschbaum: IHOP: Improved Statistical Query Recovery against Searchable Symmetric Encryption through Quadratic Optimization. (2022),2022,3,X,X,X,
Shunfan Zhou et al.: Ferry: State-Aware Symbolic Execution for Exploring State-Dependent Program Paths. (2022),2022,,,,,
Shujiang Wu et al.: Rendering Contention Channel Made Practical in Web Browsers. (2022),2022,3,X,X,X,
Shubham Jain et al.: Adversarial Detection Avoidance Attacks: Evaluating the robustness of perceptual hashing-based client-side scanning. (2022),2022,,,,,
Shravan Srinivasan et al.: Hyperproofs: Aggregating and Maintaining Proofs in Vector Commitments. (2022),2022,1,"Hyperproofs, the first vector commitment (VC) scheme that is efficiently maintainable and aggregatable.",2,c,CRY
Mohammadkazem Taram et al.: SecSMT: Securing SMT Processors against Contention-Based Covert Channels. (2022),2022,3,X,X,X,
Michele Grisafi et al.: PISTIS: Trusted Computing Architecture for Low-end Embedded Systems. (2022),2022,,,,,
Shimaa Ahmed et al.: Towards More Robust Keyword Spotting for Voice Assistants. (2022),2022,3,x,x,x,
Miles Dai et al.: Don't Mesh Around: Side-Channel Attacks and Mitigations on Mesh Interconnects. (2022),2022,,,,,
Nishanth Chandran et al.: SIMC: ML Inference Secure Against Malicious Clients at Semi-Honest Cost. (2022),2022,,,,,
Shawn Shan et al.: Poison Forensics: Traceback of Data Poisoning Attacks in Neural Networks. (2022),2022,,,,,
Shagufta Mehnaz et al.: Are Your Sensitive Attributes Private? Novel Model Inversion Attribute Inference Attacks on Classification Models. (2022),2022,,,,,
"Qinge Xie et al.: Building an Open, Robust, and Stable Voting-Based Domain Top List. (2022)",2022,3,X,X,X,
Peter Mayer et al.: Why Users (Don't) Use Password Managers at a Large Educational Institution. (2022),2022,,,,,
"Ruiwen He et al.: ""OK, Siri"" or ""Hey, Google"": Evaluating Voiceprint Distinctiveness via Content-based PROLE Score. (2022)",2022,,,,,
Phakpoom Chinprutthiwong et al.: SWAPP: A New Programmable Playground for Web Application Security. (2022),2022,,,,,
Philipp Jeitner et al.: XDRI Attacks - and - How to Enhance Resilience of Residential Routers. (2022),2022,3,X,X,X,
Pietro Borrello et al.: ÆPIC Leak: Architecturally Leaking Uninitialized Data from the Microarchitecture. (2022),2022,,,,,
Pratik Vaishnavi et al.: Transferring Adversarial Robustness Through Robust Representation Matching. (2022),2022,3,X,X,X,
Pubali Datta et al.: ALASTOR: Reconstructing the Provenance of Serverless Intrusions. (2022),2022,,,,,
Robert McLaughlin et al.: Regulator: Dynamic Analysis to Detect ReDoS. (2022),2022,,,,,
Qi-An Fu et al.: AutoDA: Automated Decision-based Iterative Adversarial Attacks. (2022),2022,,,,,
Qibin Chen et al.: Augmenting Decompiler Output with Learned Variable Names and Types. (2022),2022,3,x,x,x,
Renuka Kumar et al.: A Large-scale Investigation into Geodifferences in Mobile Apps. (2022),2022,,,,,
Ren Pang et al.: On the Security Risks of AutoML. (2022),2022,,,,,
Qiushi Wu et al.: OS-Aware Vulnerability Prioritization via Differential Severity Analysis. (2022),2022,3,x,x,x,
R. Spencer Hallyburton et al.: Security Analysis of Camera-LiDAR Fusion Against Black-Box Attacks on Autonomous Vehicles. (2022),2022,,,,,
Rahmadi Trimananda et al.: OVRseen: Auditing Network Traffic and Privacy Policies in Oculus VR. (2022),2022,,,,,
Rawane Issa et al.: Hecate: Abuse Reporting in Secure Messengers with Sealed Sender. (2022),2022,,,,,
Rahul Anand Sharma et al.: Lumos: Identifying and Localizing Diverse Hidden IoT Devices in an Unfamiliar Environment. (2022),2022,,,,,
Rahul Kande et al.: TheHuzz: Instruction Fuzzing of Processors Using Golden-Reference Models for Finding Software-Exploitable Vulnerabilities. (2022),2022,,,,,
Ranjita Pai Kasturi et al.: Mistrust Plugins You Must: A Large-Scale Study Of Malicious Plugins In WordPress Marketplaces. (2022),2022,,,,,
Raphael Hiesgen et al.: Spoki: Unveiling a New Wave of Scanners through a Reactive Network Telescope. (2022),2022,3,X,X,X,
Rasoul Akhavan Mahdavi and Florian Kerschbaum: Constant-weight PIR: Single-round Keyword PIR via Constant-weight Equality Operators. (2022),2022,,,,,
Octavian Suciu et al.: Expected Exploitability: Predicting the Development of Functional Vulnerability Exploits. (2022),2022,,,,,
Savino Dambra et al.: When Sally Met Trackers: Web Tracking From the Users' Perspective. (2022),2022,,,,,
Nikolaos Alexopoulos et al.: How Long Do Vulnerabilities Live in the Code? A Large-Scale Empirical Measurement Study on FOSS Vulnerability Lifetimes. (2022),2022,,,,,
Ning Luo et al.: ppSAT: Towards Two-Party Private SAT Solving. (2022),2022,,,,,
Nirvan Tyagi et al.: Orca: Blocklisting in Sender-Anonymous Messaging. (2022),2022,,,,,
Sangwook Bae et al.: Watching the Watchers: Practical Video Identification Attack in LTE Networks. (2022),2022,,,,,
Sandra Siby et al.: WebGraph: Capturing Advertising and Tracking Information Flows for Robust Blocking. (2022),2022,3,X,X,X,
Sebastian Angel et al.: Efficient Representation of Numerical Optimization Problems for SNARKs. (2022),2022,,,,,
Olga Gkountouna et al.: One-off Disclosure Control by Heterogeneous Generalization. (2022),2022,3,X,X,X,
Patrick Leu et al.: Ghost Peak: Practical Distance Reduction Attacks Against HRP UWB Ranging. (2022),2022,,,,,
Paul Grubbs et al.: Zero-Knowledge Middleboxes. (2022),2022,1,This paper initiates research on zero-knowledge middleboxes (ZKMBs). A ZKMB is a network middlebox that enforces network usage policies on encrypted traffic.,3,"a,b","CNP,PGTS,LE,NWT"
Ruoyu Wu et al.: DnD: A Cross-Architecture Deep Neural Network Decompiler. (2022),2022,,,,,
Pengcheng Fang et al.: Back-Propagating System Dependency Impact for Attack Investigation. (2022),2022,,,,,
Ruofan Liu et al.: Inferring Phishing Intention via Webpage Appearance and Dynamics: A Deep Vision Based Approach. (2022),2022,,,,,
Yingchen Wang et al.: Hertzbleed: Turning Power Side-Channel Attacks Into Remote Timing Attacks on x86. (2022),2022,,,,,
Sunnyeo Park et al.: FUGIO: Automatic Exploit Generation for PHP Object Injection Vulnerabilities. (2022),2022,,,,,
Zhiwei Wang et al.: CamShield: Securing Smart Cameras through Physical Replication and Isolation. (2022),2022,,,,,
Zhikun Zhang et al.: Inference Attacks Against Graph Neural Networks. (2022),2022,,,,,
Xinyu Tang et al.: Mitigating Membership Inference Attacks by Self-Distillation Through a Novel Ensemble Architecture. (2022),2022,3,x,x,x,
Xu Lin et al.: Phish in Sheep's Clothing: Exploring the Authentication Pitfalls of Browser Fingerprinting. (2022),2022,3,x,x,x,
Xudong Pan et al.: Exploring the Security Boundary of Data Reconstruction via Neuron Exclusivity Analysis. (2022),2022,,,,,
Xudong Pan et al.: Hidden Trigger Backdoor Attack on NLP Models via Linguistic Style Manipulation. (2022),2022,3,x,x,x,
Zhicong Huang et al.: Cheetah: Lean and Fast Secure Two-Party Deep Neural Network Inference. (2022),2022,,,,,
Yanxue Jia et al.: Shuffle-based Private Set Union: Faster and More Secure. (2022),2022,,,,,
Simon Rohlmann et al.: Oops... Code Execution and Content Spoofing: The First Comprehensive Analysis of OpenDocument Signatures. (2022),2022,,,,,
Yi Han et al.: Hiding in Plain Sight? On the Efficacy of Power Side Channel-Based Control Flow Monitoring. (2022),2022,,,,,
Yi He et al.: RapidPatch: Firmware Hotpatching for Real-Time Embedded Devices. (2022),2022,,,,,
Yi Chen et al.: Seeing the Forest for the Trees: Understanding Security Hazards in the 3GPP Ecosystem through Intelligent Analysis on Change Requests. (2022),2022,,,,,
Yeting Li et al.: RegexScalpel: Regular Expression Denial of Service (ReDoS) Defense by Localize-and-Fix. (2022),2022,,,,,
Song Li et al.: Mining Node.js Vulnerabilities via Object Dependence Graph and Query. (2022),2022,3,X,X,X,
Zirui Neil Zhao et al.: Binoculars: Contention-Based Side-Channel Attacks Exploiting the Page Walker. (2022),2022,,,,,
Soroush Karami et al.: Unleash the Simulacrum: Shifting Browser Realities for Robust Extension-Fingerprinting Prevention. (2022),2022,3,X,X,X,
Yijing Liu et al.: How Are Your Zombie Accounts? Understanding Users' Practices and Expectations on Mobile App Account Deletion. (2022),2022,3,X,X,X,
Yan Meng et al.: Your Microphone Array Retains Your Identity: A Robust Voice Liveness Detection System for Smart Speakers. (2022),2022,,,,,
Sujaya Maiyya et al.: QuORAM: A Quorum-Replicated Fault Tolerant ORAM Datastore. (2022),2022,,,,,
Sungbae Yoo et al.: In-Kernel Control-Flow Integrity on Commodity OSes using ARM Pointer Authentication. (2022),2022,,,,,
"Sunil Manandhar et al.: Smart Home Privacy Policies Demystified: A Study of Availability, Content, and Coverage. (2022)",2022,,,,,
Timothy Trippel et al.: Fuzzing Hardware Like Software. (2022),2022,,,,,
Sunwoo Kim et al.: FuzzOrigin: Detecting UXSS vulnerabilities in Browsers through Origin Fuzzing. (2022),2022,,,,,
Xuewei Feng et al.: Off-Path Network Traffic Manipulation via Revitalized ICMP Redirect Attacks. (2022),2022,,,,,
Yuan Chen et al.: SGXLock: Towards Efficiently Establishing Mutual Distrust Between Host Application and Enclave for SGX. (2022),2022,,,,,
Viet Tung Hoang et al.: Faster Yet Safer: Logging System Via Fixed-Key Blockcipher. (2022),2022,,,,,
Youkun Shi et al.: Backporting Security Patches of Web Applications: A Prototype Design and Implementation on Injection Vulnerability Patches. (2022),2022,3,X,X,X,
"Vincent Cheval et al.: SAPIC+: protocol verifiers of the world, unite! (2022)",2022,3,x,x,x,
Xiaochen Zou et al.: SyzScope: Revealing High-Risk Security Impacts of Fuzzer-Exposed Bugs in Linux kernel. (2022),2022,,,,,
Yunang Chen et al.: Practical Data Access Minimization in Trigger-Action Platforms. (2022),2022,,,,,
Yunang Chen et al.: Experimental Security Analysis of the App Model in Business Collaboration Platforms. (2022),2022,,,,,
"Yun Shen et al.: A Large-scale Temporal Measurement of Android Malicious Apps: Persistence, Migration, and Lessons Learned. (2022)",2022,,,,,
Yu Liang et al.: Detecting Logical Bugs of DBMS with Coverage-based Guidance. (2022),2022,3,X,X,X,
Xiaojie Guo et al.: Birds of a Feather Flock Together: How Set Bias Helps to Deanonymize You via Revealed Intersection Sizes. (2022),2022,,,,,
Xander Bouwman et al.: Helping hands: Measuring the impact of a large threat intelligence sharing community. (2022),2022,3,X,X,X,
Yugeng Liu et al.: ML-Doctor: Holistic Risk Assessment of Inference Attacks Against Machine Learning Models. (2022),2022,3,x,x,x,
Yufei Du et al.: Holistic Control-Flow Protection on Real-Time Embedded Systems with Kage. (2022),2022,3,x,x,x,
Yufei Chen et al.: Teacher Model Fingerprinting Attacks Against Transfer Learning. (2022),2022,,,,,
Wen Li et al.: PolyCruise: A Cross-Language Dynamic Information Flow Analysis. (2022),2022,,,,,
Yuchen Zhang et al.: Debloating Address Sanitizer. (2022),2022,3,X,X,X,
Yuanyuan Yuan et al.: Automated Side Channel Analysis of Media Software with Manifold Learning. (2022),2022,,,,,
Zenong Zhang et al.: FIXREVERTER: A Realistic Bug Injection Methodology for Benchmarking Fuzz Testing. (2022),2022,,,,,
Yiqing Hua et al.: Increasing Adversarial Uncertainty to Scale Private Similarity Testing. (2022),2022,,,,,
Theresa Stadler et al.: Synthetic Data - Anonymisation Groundhog Day. (2022),2022,,,,,
Thien Duc Nguyen et al.: FLAME: Taming Backdoors in Federated Learning. (2022),2022,,,,,
Timothy Stevens et al.: Efficient Differentially Private Secure Aggregation for Federated Learning via Hardness of Learning with Errors. (2022),2022,,,,,
Tobias Cloosters et al.: SGXFuzz: Efficiently Synthesizing Nested Structures for SGX Enclave Fuzzing. (2022),2022,,,,,
Tobias Scharnowski et al.: Fuzzware: Using Precise MMIO Modeling for Effective Firmware Fuzzing. (2022),2022,,,,,
Tohid Shekari et al.: MaDIoT 2.0: Modern High-Wattage IoT Botnet Attacks and Defenses. (2022),2022,,,,,
Yongji Wu et al.: Poisoning Attacks to Local Differential Privacy Protocols for Key-Value Data. (2022),2022,,,,,
Tomas Hlavacek et al.: Stalloris: RPKI Downgrade Attack. (2022),2022,,,,,
Yiping Ma et al.: Incremental Offline/Online PIR. (2022),2022,,,,,
Zekun Shen et al.: Drifuzz: Harvesting Bugs in Device Drivers from Golden Seeds. (2022),2022,,,,,
Umar Iqbal et al.: Khaleesi: Breaker of Advertising and Tracking Request Chains. (2022),2022,,,,,
Vandit Sharma and Mainack Mondal: Understanding and Improving Usability of Data Dashboards for Simplified Privacy Control of Voice Assistant Data. (2022),2022,,,,,
Xiaoyong Yuan and Lan Zhang: Membership Inference Attacks and Defenses in Neural Network Pruning. (2022),2022,,,,,
Varun Madathil et al.: Private Signaling. (2022),2022,1,"“First, we provide a formal definition of private signaling in the Universal Composability (UC) framework and show that it captures several real-world settings where recipient anonymity is desired. Second, we present two server-aided protocols that UC-realize our definitions: one using a single server equipped with a trusted execution environment, and one based on two servers that employ garbled circuits. Third, we provide an open-source implementation of both of our protocols, evaluate their performance, and identify for which sets of parameters they can be practical.”",4,"a,c","MSG,6-BLK"
Yuvraj Patel et al.: Using Trātṛ to tame Adversarial Synchronization. (2022),2022,3,X,X,X,
Veroniek Binkhorst et al.: Security at the End of the Tunnel: The Anatomy of VPN Mental Models Among Experts and Non-Experts in a Corporate Context. (2022),2022,,,,,
Victor Le Pochat et al.: An Audit of Facebook's Political Ad Policy Enforcement. (2022),2022,,,,,